risk_threshold,confidence_threshold,risk_accuracy,precision,recall,false_negative_rate,false_positive_rate,f1,expected_fast_selection_rate,expected_accurate_selection_rate,expected_oracle_gap
0.05,0.0,0.36,0.23423423423423423,0.9873417721518988,0.012658227848101266,0.794392523364486,0.3786407766990291,0.1675,0.8325,0.0025
0.05,0.1,0.36,0.23423423423423423,0.9873417721518988,0.012658227848101266,0.794392523364486,0.3786407766990291,0.1675,0.8325,0.0025
0.05,0.2,0.36,0.23423423423423423,0.9873417721518988,0.012658227848101266,0.794392523364486,0.3786407766990291,0.1675,0.8325,0.0025
0.05,0.3,0.36,0.23423423423423423,0.9873417721518988,0.012658227848101266,0.794392523364486,0.3786407766990291,0.1675,0.8325,0.0025
0.05,0.4,0.36,0.23423423423423423,0.9873417721518988,0.012658227848101266,0.794392523364486,0.3786407766990291,0.1675,0.8325,0.0025
0.05,0.5,0.36,0.23423423423423423,0.9873417721518988,0.012658227848101266,0.794392523364486,0.3786407766990291,0.1675,0.8325,0.0025
0.05,0.6,0.36,0.23423423423423423,0.9873417721518988,0.012658227848101266,0.794392523364486,0.3786407766990291,0.1675,0.8325,0.0025
0.05,0.7,0.36,0.23423423423423423,0.9873417721518988,0.012658227848101266,0.794392523364486,0.3786407766990291,0.1675,0.8325,0.0025
0.05,0.8,0.36,0.23423423423423423,0.9873417721518988,0.012658227848101266,0.794392523364486,0.3786407766990291,0.1675,0.8325,0.0025
0.05,0.9,0.36,0.23423423423423423,0.9873417721518988,0.012658227848101266,0.794392523364486,0.3786407766990291,0.16,0.84,0.0
0.05,0.95,0.36,0.23423423423423423,0.9873417721518988,0.012658227848101266,0.794392523364486,0.3786407766990291,0.155,0.845,0.0
0.1,0.0,0.3675,0.2331288343558282,0.9620253164556962,0.0379746835443038,0.778816199376947,0.3753086419753086,0.185,0.815,0.0075
0.1,0.1,0.3675,0.2331288343558282,0.9620253164556962,0.0379746835443038,0.778816199376947,0.3753086419753086,0.185,0.815,0.0075
0.1,0.2,0.3675,0.2331288343558282,0.9620253164556962,0.0379746835443038,0.778816199376947,0.3753086419753086,0.185,0.815,0.0075
0.1,0.3,0.3675,0.2331288343558282,0.9620253164556962,0.0379746835443038,0.778816199376947,0.3753086419753086,0.185,0.815,0.0075
0.1,0.4,0.3675,0.2331288343558282,0.9620253164556962,0.0379746835443038,0.778816199376947,0.3753086419753086,0.185,0.815,0.0075
0.1,0.5,0.3675,0.2331288343558282,0.9620253164556962,0.0379746835443038,0.778816199376947,0.3753086419753086,0.185,0.815,0.0075
0.1,0.6,0.3675,0.2331288343558282,0.9620253164556962,0.0379746835443038,0.778816199376947,0.3753086419753086,0.185,0.815,0.0075
0.1,0.7,0.3675,0.2331288343558282,0.9620253164556962,0.0379746835443038,0.778816199376947,0.3753086419753086,0.185,0.815,0.0075
0.1,0.8,0.3675,0.2331288343558282,0.9620253164556962,0.0379746835443038,0.778816199376947,0.3753086419753086,0.185,0.815,0.0075
0.1,0.9,0.3675,0.2331288343558282,0.9620253164556962,0.0379746835443038,0.778816199376947,0.3753086419753086,0.17,0.83,0.0025
0.1,0.95,0.3675,0.2331288343558282,0.9620253164556962,0.0379746835443038,0.778816199376947,0.3753086419753086,0.155,0.845,0.0
0.15,0.0,0.38,0.2367601246105919,0.9620253164556962,0.0379746835443038,0.7632398753894081,0.38,0.1975,0.8025,0.0075
0.15,0.1,0.38,0.2367601246105919,0.9620253164556962,0.0379746835443038,0.7632398753894081,0.38,0.1975,0.8025,0.0075
0.15,0.2,0.38,0.2367601246105919,0.9620253164556962,0.0379746835443038,0.7632398753894081,0.38,0.1975,0.8025,0.0075
0.15,0.3,0.38,0.2367601246105919,0.9620253164556962,0.0379746835443038,0.7632398753894081,0.38,0.1975,0.8025,0.0075
0.15,0.4,0.38,0.2367601246105919,0.9620253164556962,0.0379746835443038,0.7632398753894081,0.38,0.1975,0.8025,0.0075
0.15,0.5,0.38,0.2367601246105919,0.9620253164556962,0.0379746835443038,0.7632398753894081,0.38,0.1975,0.8025,0.0075
0.15,0.6,0.38,0.2367601246105919,0.9620253164556962,0.0379746835443038,0.7632398753894081,0.38,0.1975,0.8025,0.0075
0.15,0.7,0.38,0.2367601246105919,0.9620253164556962,0.0379746835443038,0.7632398753894081,0.38,0.195,0.805,0.0075
0.15,0.8,0.38,0.2367601246105919,0.9620253164556962,0.0379746835443038,0.7632398753894081,0.38,0.195,0.805,0.0075
0.15,0.9,0.38,0.2367601246105919,0.9620253164556962,0.0379746835443038,0.7632398753894081,0.38,0.1725,0.8275,0.0025
0.15,0.95,0.38,0.2367601246105919,0.9620253164556962,0.0379746835443038,0.7632398753894081,0.38,0.155,0.845,0.0
0.2,0.0,0.3975,0.24203821656050956,0.9620253164556962,0.0379746835443038,0.7414330218068536,0.38676844783715014,0.215,0.785,0.0075
0.2,0.1,0.3975,0.24203821656050956,0.9620253164556962,0.0379746835443038,0.7414330218068536,0.38676844783715014,0.215,0.785,0.0075
0.2,0.2,0.3975,0.24203821656050956,0.9620253164556962,0.0379746835443038,0.7414330218068536,0.38676844783715014,0.215,0.785,0.0075
0.2,0.3,0.3975,0.24203821656050956,0.9620253164556962,0.0379746835443038,0.7414330218068536,0.38676844783715014,0.215,0.785,0.0075
0.2,0.4,0.3975,0.24203821656050956,0.9620253164556962,0.0379746835443038,0.7414330218068536,0.38676844783715014,0.215,0.785,0.0075
0.2,0.5,0.3975,0.24203821656050956,0.9620253164556962,0.0379746835443038,0.7414330218068536,0.38676844783715014,0.215,0.785,0.0075
0.2,0.6,0.3975,0.24203821656050956,0.9620253164556962,0.0379746835443038,0.7414330218068536,0.38676844783715014,0.215,0.785,0.0075
0.2,0.7,0.3975,0.24203821656050956,0.9620253164556962,0.0379746835443038,0.7414330218068536,0.38676844783715014,0.2125,0.7875,0.0075
0.2,0.8,0.3975,0.24203821656050956,0.9620253164556962,0.0379746835443038,0.7414330218068536,0.38676844783715014,0.2125,0.7875,0.0075
0.2,0.9,0.3975,0.24203821656050956,0.9620253164556962,0.0379746835443038,0.7414330218068536,0.38676844783715014,0.185,0.815,0.0025
0.2,0.95,0.3975,0.24203821656050956,0.9620253164556962,0.0379746835443038,0.7414330218068536,0.38676844783715014,0.155,0.845,0.0
0.25,0.0,0.4025,0.24358974358974358,0.9620253164556962,0.0379746835443038,0.735202492211838,0.3887468030690537,0.22,0.78,0.0075
0.25,0.1,0.4025,0.24358974358974358,0.9620253164556962,0.0379746835443038,0.735202492211838,0.3887468030690537,0.22,0.78,0.0075
0.25,0.2,0.4025,0.24358974358974358,0.9620253164556962,0.0379746835443038,0.735202492211838,0.3887468030690537,0.22,0.78,0.0075
0.25,0.3,0.4025,0.24358974358974358,0.9620253164556962,0.0379746835443038,0.735202492211838,0.3887468030690537,0.22,0.78,0.0075
0.25,0.4,0.4025,0.24358974358974358,0.9620253164556962,0.0379746835443038,0.735202492211838,0.3887468030690537,0.22,0.78,0.0075
0.25,0.5,0.4025,0.24358974358974358,0.9620253164556962,0.0379746835443038,0.735202492211838,0.3887468030690537,0.22,0.78,0.0075
0.25,0.6,0.4025,0.24358974358974358,0.9620253164556962,0.0379746835443038,0.735202492211838,0.3887468030690537,0.22,0.78,0.0075
0.25,0.7,0.4025,0.24358974358974358,0.9620253164556962,0.0379746835443038,0.735202492211838,0.3887468030690537,0.2175,0.7825,0.0075
0.25,0.8,0.4025,0.24358974358974358,0.9620253164556962,0.0379746835443038,0.735202492211838,0.3887468030690537,0.2175,0.7825,0.0075
0.25,0.9,0.4025,0.24358974358974358,0.9620253164556962,0.0379746835443038,0.735202492211838,0.3887468030690537,0.19,0.81,0.0025
0.25,0.95,0.4025,0.24358974358974358,0.9620253164556962,0.0379746835443038,0.735202492211838,0.3887468030690537,0.155,0.845,0.0
0.3,0.0,0.4125,0.24342105263157895,0.9367088607594937,0.06329113924050633,0.7165109034267912,0.3864229765013055,0.24,0.76,0.0125
0.3,0.1,0.4125,0.24342105263157895,0.9367088607594937,0.06329113924050633,0.7165109034267912,0.3864229765013055,0.24,0.76,0.0125
0.3,0.2,0.4125,0.24342105263157895,0.9367088607594937,0.06329113924050633,0.7165109034267912,0.3864229765013055,0.24,0.76,0.0125
0.3,0.3,0.4125,0.24342105263157895,0.9367088607594937,0.06329113924050633,0.7165109034267912,0.3864229765013055,0.24,0.76,0.0125
0.3,0.4,0.4125,0.24342105263157895,0.9367088607594937,0.06329113924050633,0.7165109034267912,0.3864229765013055,0.24,0.76,0.0125
0.3,0.5,0.4125,0.24342105263157895,0.9367088607594937,0.06329113924050633,0.7165109034267912,0.3864229765013055,0.24,0.76,0.0125
0.3,0.6,0.4125,0.24342105263157895,0.9367088607594937,0.06329113924050633,0.7165109034267912,0.3864229765013055,0.24,0.76,0.0125
0.3,0.7,0.4125,0.24342105263157895,0.9367088607594937,0.06329113924050633,0.7165109034267912,0.3864229765013055,0.2375,0.7625,0.0125
0.3,0.8,0.4125,0.24342105263157895,0.9367088607594937,0.06329113924050633,0.7165109034267912,0.3864229765013055,0.2375,0.7625,0.0125
0.3,0.9,0.4125,0.24342105263157895,0.9367088607594937,0.06329113924050633,0.7165109034267912,0.3864229765013055,0.2025,0.7975,0.005
0.3,0.95,0.4125,0.24342105263157895,0.9367088607594937,0.06329113924050633,0.7165109034267912,0.3864229765013055,0.155,0.845,0.0
0.35,0.0,0.4225,0.24496644295302014,0.9240506329113924,0.0759493670886076,0.7009345794392523,0.3872679045092839,0.255,0.745,0.015
0.35,0.1,0.4225,0.24496644295302014,0.9240506329113924,0.0759493670886076,0.7009345794392523,0.3872679045092839,0.255,0.745,0.015
0.35,0.2,0.4225,0.24496644295302014,0.9240506329113924,0.0759493670886076,0.7009345794392523,0.3872679045092839,0.255,0.745,0.015
0.35,0.3,0.4225,0.24496644295302014,0.9240506329113924,0.0759493670886076,0.7009345794392523,0.3872679045092839,0.255,0.745,0.015
0.35,0.4,0.4225,0.24496644295302014,0.9240506329113924,0.0759493670886076,0.7009345794392523,0.3872679045092839,0.255,0.745,0.015
0.35,0.5,0.4225,0.24496644295302014,0.9240506329113924,0.0759493670886076,0.7009345794392523,0.3872679045092839,0.255,0.745,0.015
0.35,0.6,0.4225,0.24496644295302014,0.9240506329113924,0.0759493670886076,0.7009345794392523,0.3872679045092839,0.255,0.745,0.015
0.35,0.7,0.4225,0.24496644295302014,0.9240506329113924,0.0759493670886076,0.7009345794392523,0.3872679045092839,0.2525,0.7475,0.015
0.35,0.8,0.4225,0.24496644295302014,0.9240506329113924,0.0759493670886076,0.7009345794392523,0.3872679045092839,0.2525,0.7475,0.015
0.35,0.9,0.4225,0.24496644295302014,0.9240506329113924,0.0759493670886076,0.7009345794392523,0.3872679045092839,0.2125,0.7875,0.005
0.35,0.95,0.4225,0.24496644295302014,0.9240506329113924,0.0759493670886076,0.7009345794392523,0.3872679045092839,0.155,0.845,0.0
0.4,0.0,0.43,0.24573378839590443,0.9113924050632911,0.08860759493670886,0.6884735202492211,0.3870967741935483,0.2675,0.7325,0.0175
0.4,0.1,0.43,0.24573378839590443,0.9113924050632911,0.08860759493670886,0.6884735202492211,0.3870967741935483,0.2675,0.7325,0.0175
0.4,0.2,0.43,0.24573378839590443,0.9113924050632911,0.08860759493670886,0.6884735202492211,0.3870967741935483,0.2675,0.7325,0.0175
0.4,0.3,0.43,0.24573378839590443,0.9113924050632911,0.08860759493670886,0.6884735202492211,0.3870967741935483,0.2675,0.7325,0.0175
0.4,0.4,0.43,0.24573378839590443,0.9113924050632911,0.08860759493670886,0.6884735202492211,0.3870967741935483,0.2675,0.7325,0.0175
0.4,0.5,0.43,0.24573378839590443,0.9113924050632911,0.08860759493670886,0.6884735202492211,0.3870967741935483,0.2675,0.7325,0.0175
0.4,0.6,0.43,0.24573378839590443,0.9113924050632911,0.08860759493670886,0.6884735202492211,0.3870967741935483,0.2675,0.7325,0.0175
0.4,0.7,0.43,0.24573378839590443,0.9113924050632911,0.08860759493670886,0.6884735202492211,0.3870967741935483,0.265,0.735,0.0175
0.4,0.8,0.43,0.24573378839590443,0.9113924050632911,0.08860759493670886,0.6884735202492211,0.3870967741935483,0.265,0.735,0.0175
0.4,0.9,0.43,0.24573378839590443,0.9113924050632911,0.08860759493670886,0.6884735202492211,0.3870967741935483,0.2175,0.7825,0.005
0.4,0.95,0.43,0.24573378839590443,0.9113924050632911,0.08860759493670886,0.6884735202492211,0.3870967741935483,0.155,0.845,0.0
0.45,0.0,0.4275,0.24315068493150685,0.8987341772151899,0.10126582278481013,0.6884735202492211,0.3827493261455525,0.27,0.73,0.02
0.45,0.1,0.4275,0.24315068493150685,0.8987341772151899,0.10126582278481013,0.6884735202492211,0.3827493261455525,0.27,0.73,0.02
0.45,0.2,0.4275,0.24315068493150685,0.8987341772151899,0.10126582278481013,0.6884735202492211,0.3827493261455525,0.27,0.73,0.02
0.45,0.3,0.4275,0.24315068493150685,0.8987341772151899,0.10126582278481013,0.6884735202492211,0.3827493261455525,0.27,0.73,0.02
0.45,0.4,0.4275,0.24315068493150685,0.8987341772151899,0.10126582278481013,0.6884735202492211,0.3827493261455525,0.27,0.73,0.02
0.45,0.5,0.4275,0.24315068493150685,0.8987341772151899,0.10126582278481013,0.6884735202492211,0.3827493261455525,0.27,0.73,0.02
0.45,0.6,0.4275,0.24315068493150685,0.8987341772151899,0.10126582278481013,0.6884735202492211,0.3827493261455525,0.27,0.73,0.02
0.45,0.7,0.4275,0.24315068493150685,0.8987341772151899,0.10126582278481013,0.6884735202492211,0.3827493261455525,0.2675,0.7325,0.02
0.45,0.8,0.4275,0.24315068493150685,0.8987341772151899,0.10126582278481013,0.6884735202492211,0.3827493261455525,0.2675,0.7325,0.02
0.45,0.9,0.4275,0.24315068493150685,0.8987341772151899,0.10126582278481013,0.6884735202492211,0.3827493261455525,0.2175,0.7825,0.005
0.45,0.95,0.4275,0.24315068493150685,0.8987341772151899,0.10126582278481013,0.6884735202492211,0.3827493261455525,0.155,0.845,0.0
0.5,0.0,0.4275,0.24315068493150685,0.8987341772151899,0.10126582278481013,0.6884735202492211,0.3827493261455525,0.27,0.73,0.02
0.5,0.1,0.4275,0.24315068493150685,0.8987341772151899,0.10126582278481013,0.6884735202492211,0.3827493261455525,0.27,0.73,0.02
0.5,0.2,0.4275,0.24315068493150685,0.8987341772151899,0.10126582278481013,0.6884735202492211,0.3827493261455525,0.27,0.73,0.02
0.5,0.3,0.4275,0.24315068493150685,0.8987341772151899,0.10126582278481013,0.6884735202492211,0.3827493261455525,0.27,0.73,0.02
0.5,0.4,0.4275,0.24315068493150685,0.8987341772151899,0.10126582278481013,0.6884735202492211,0.3827493261455525,0.27,0.73,0.02
0.5,0.5,0.4275,0.24315068493150685,0.8987341772151899,0.10126582278481013,0.6884735202492211,0.3827493261455525,0.27,0.73,0.02
0.5,0.6,0.4275,0.24315068493150685,0.8987341772151899,0.10126582278481013,0.6884735202492211,0.3827493261455525,0.27,0.73,0.02
0.5,0.7,0.4275,0.24315068493150685,0.8987341772151899,0.10126582278481013,0.6884735202492211,0.3827493261455525,0.2675,0.7325,0.02
0.5,0.8,0.4275,0.24315068493150685,0.8987341772151899,0.10126582278481013,0.6884735202492211,0.3827493261455525,0.2675,0.7325,0.02
0.5,0.9,0.4275,0.24315068493150685,0.8987341772151899,0.10126582278481013,0.6884735202492211,0.3827493261455525,0.2175,0.7825,0.005
0.5,0.95,0.4275,0.24315068493150685,0.8987341772151899,0.10126582278481013,0.6884735202492211,0.3827493261455525,0.155,0.845,0.0
0.55,0.0,0.445,0.24734982332155478,0.8860759493670886,0.11392405063291139,0.6635514018691588,0.38674033149171266,0.2925,0.7075,0.0225
0.55,0.1,0.445,0.24734982332155478,0.8860759493670886,0.11392405063291139,0.6635514018691588,0.38674033149171266,0.2925,0.7075,0.0225
0.55,0.2,0.445,0.24734982332155478,0.8860759493670886,0.11392405063291139,0.6635514018691588,0.38674033149171266,0.2925,0.7075,0.0225
0.55,0.3,0.445,0.24734982332155478,0.8860759493670886,0.11392405063291139,0.6635514018691588,0.38674033149171266,0.2925,0.7075,0.0225
0.55,0.4,0.445,0.24734982332155478,0.8860759493670886,0.11392405063291139,0.6635514018691588,0.38674033149171266,0.2925,0.7075,0.0225
0.55,0.5,0.445,0.24734982332155478,0.8860759493670886,0.11392405063291139,0.6635514018691588,0.38674033149171266,0.2925,0.7075,0.0225
0.55,0.6,0.445,0.24734982332155478,0.8860759493670886,0.11392405063291139,0.6635514018691588,0.38674033149171266,0.2925,0.7075,0.0225
0.55,0.7,0.445,0.24734982332155478,0.8860759493670886,0.11392405063291139,0.6635514018691588,0.38674033149171266,0.29,0.71,0.0225
0.55,0.8,0.445,0.24734982332155478,0.8860759493670886,0.11392405063291139,0.6635514018691588,0.38674033149171266,0.2875,0.7125,0.02
0.55,0.9,0.445,0.24734982332155478,0.8860759493670886,0.11392405063291139,0.6635514018691588,0.38674033149171266,0.23,0.77,0.005
0.55,0.95,0.445,0.24734982332155478,0.8860759493670886,0.11392405063291139,0.6635514018691588,0.38674033149171266,0.155,0.845,0.0
0.6,0.0,0.445,0.24555160142348753,0.8734177215189873,0.12658227848101267,0.660436137071651,0.38333333333333336,0.2975,0.7025,0.025
0.6,0.1,0.445,0.24555160142348753,0.8734177215189873,0.12658227848101267,0.660436137071651,0.38333333333333336,0.2975,0.7025,0.025
0.6,0.2,0.445,0.24555160142348753,0.8734177215189873,0.12658227848101267,0.660436137071651,0.38333333333333336,0.2975,0.7025,0.025
0.6,0.3,0.445,0.24555160142348753,0.8734177215189873,0.12658227848101267,0.660436137071651,0.38333333333333336,0.2975,0.7025,0.025
0.6,0.4,0.445,0.24555160142348753,0.8734177215189873,0.12658227848101267,0.660436137071651,0.38333333333333336,0.2975,0.7025,0.025
0.6,0.5,0.445,0.24555160142348753,0.8734177215189873,0.12658227848101267,0.660436137071651,0.38333333333333336,0.2975,0.7025,0.025
0.6,0.6,0.445,0.24555160142348753,0.8734177215189873,0.12658227848101267,0.660436137071651,0.38333333333333336,0.2975,0.7025,0.025
0.6,0.7,0.445,0.24555160142348753,0.8734177215189873,0.12658227848101267,0.660436137071651,0.38333333333333336,0.295,0.705,0.025
0.6,0.8,0.445,0.24555160142348753,0.8734177215189873,0.12658227848101267,0.660436137071651,0.38333333333333336,0.2925,0.7075,0.0225
0.6,0.9,0.445,0.24555160142348753,0.8734177215189873,0.12658227848101267,0.660436137071651,0.38333333333333336,0.23,0.77,0.005
0.6,0.95,0.445,0.24555160142348753,0.8734177215189873,0.12658227848101267,0.660436137071651,0.38333333333333336,0.155,0.845,0.0
0.65,0.0,0.4475,0.2427536231884058,0.8481012658227848,0.1518987341772152,0.6510903426791277,0.3774647887323943,0.31,0.69,0.03
0.65,0.1,0.4475,0.2427536231884058,0.8481012658227848,0.1518987341772152,0.6510903426791277,0.3774647887323943,0.31,0.69,0.03
0.65,0.2,0.4475,0.2427536231884058,0.8481012658227848,0.1518987341772152,0.6510903426791277,0.3774647887323943,0.31,0.69,0.03
0.65,0.3,0.4475,0.2427536231884058,0.8481012658227848,0.1518987341772152,0.6510903426791277,0.3774647887323943,0.31,0.69,0.03
0.65,0.4,0.4475,0.2427536231884058,0.8481012658227848,0.1518987341772152,0.6510903426791277,0.3774647887323943,0.31,0.69,0.03
0.65,0.5,0.4475,0.2427536231884058,0.8481012658227848,0.1518987341772152,0.6510903426791277,0.3774647887323943,0.31,0.69,0.03
0.65,0.6,0.4475,0.2427536231884058,0.8481012658227848,0.1518987341772152,0.6510903426791277,0.3774647887323943,0.31,0.69,0.03
0.65,0.7,0.4475,0.2427536231884058,0.8481012658227848,0.1518987341772152,0.6510903426791277,0.3774647887323943,0.3075,0.6925,0.03
0.65,0.8,0.4475,0.2427536231884058,0.8481012658227848,0.1518987341772152,0.6510903426791277,0.3774647887323943,0.305,0.695,0.0275
0.65,0.9,0.4475,0.2427536231884058,0.8481012658227848,0.1518987341772152,0.6510903426791277,0.3774647887323943,0.235,0.765,0.005
0.65,0.95,0.4475,0.2427536231884058,0.8481012658227848,0.1518987341772152,0.6510903426791277,0.3774647887323943,0.155,0.845,0.0
0.7,0.0,0.4625,0.24436090225563908,0.8227848101265823,0.17721518987341772,0.6261682242990654,0.37681159420289856,0.335,0.665,0.035
0.7,0.1,0.4625,0.24436090225563908,0.8227848101265823,0.17721518987341772,0.6261682242990654,0.37681159420289856,0.335,0.665,0.035
0.7,0.2,0.4625,0.24436090225563908,0.8227848101265823,0.17721518987341772,0.6261682242990654,0.37681159420289856,0.335,0.665,0.035
0.7,0.3,0.4625,0.24436090225563908,0.8227848101265823,0.17721518987341772,0.6261682242990654,0.37681159420289856,0.335,0.665,0.035
0.7,0.4,0.4625,0.24436090225563908,0.8227848101265823,0.17721518987341772,0.6261682242990654,0.37681159420289856,0.335,0.665,0.035
0.7,0.5,0.4625,0.24436090225563908,0.8227848101265823,0.17721518987341772,0.6261682242990654,0.37681159420289856,0.335,0.665,0.035
0.7,0.6,0.4625,0.24436090225563908,0.8227848101265823,0.17721518987341772,0.6261682242990654,0.37681159420289856,0.335,0.665,0.035
0.7,0.7,0.4625,0.24436090225563908,0.8227848101265823,0.17721518987341772,0.6261682242990654,0.37681159420289856,0.3325,0.6675,0.035
0.7,0.8,0.4625,0.24436090225563908,0.8227848101265823,0.17721518987341772,0.6261682242990654,0.37681159420289856,0.33,0.67,0.0325
0.7,0.9,0.4625,0.24436090225563908,0.8227848101265823,0.17721518987341772,0.6261682242990654,0.37681159420289856,0.2475,0.7525,0.01
0.7,0.95,0.4625,0.24436090225563908,0.8227848101265823,0.17721518987341772,0.6261682242990654,0.37681159420289856,0.155,0.845,0.0
0.75,0.0,0.4675,0.24427480916030533,0.810126582278481,0.189873417721519,0.616822429906542,0.375366568914956,0.345,0.655,0.0375
0.75,0.1,0.4675,0.24427480916030533,0.810126582278481,0.189873417721519,0.616822429906542,0.375366568914956,0.345,0.655,0.0375
0.75,0.2,0.4675,0.24427480916030533,0.810126582278481,0.189873417721519,0.616822429906542,0.375366568914956,0.345,0.655,0.0375
0.75,0.3,0.4675,0.24427480916030533,0.810126582278481,0.189873417721519,0.616822429906542,0.375366568914956,0.345,0.655,0.0375
0.75,0.4,0.4675,0.24427480916030533,0.810126582278481,0.189873417721519,0.616822429906542,0.375366568914956,0.345,0.655,0.0375
0.75,0.5,0.4675,0.24427480916030533,0.810126582278481,0.189873417721519,0.616822429906542,0.375366568914956,0.345,0.655,0.0375
0.75,0.6,0.4675,0.24427480916030533,0.810126582278481,0.189873417721519,0.616822429906542,0.375366568914956,0.345,0.655,0.0375
0.75,0.7,0.4675,0.24427480916030533,0.810126582278481,0.189873417721519,0.616822429906542,0.375366568914956,0.3425,0.6575,0.0375
0.75,0.8,0.4675,0.24427480916030533,0.810126582278481,0.189873417721519,0.616822429906542,0.375366568914956,0.34,0.66,0.035
0.75,0.9,0.4675,0.24427480916030533,0.810126582278481,0.189873417721519,0.616822429906542,0.375366568914956,0.25,0.75,0.01
0.75,0.95,0.4675,0.24427480916030533,0.810126582278481,0.189873417721519,0.616822429906542,0.375366568914956,0.155,0.845,0.0
0.8,0.0,0.485,0.2490118577075099,0.7974683544303798,0.20253164556962025,0.5919003115264797,0.3795180722891566,0.3675,0.6325,0.04
0.8,0.1,0.485,0.2490118577075099,0.7974683544303798,0.20253164556962025,0.5919003115264797,0.3795180722891566,0.3675,0.6325,0.04
0.8,0.2,0.485,0.2490118577075099,0.7974683544303798,0.20253164556962025,0.5919003115264797,0.3795180722891566,0.3675,0.6325,0.04
0.8,0.3,0.485,0.2490118577075099,0.7974683544303798,0.20253164556962025,0.5919003115264797,0.3795180722891566,0.3675,0.6325,0.04
0.8,0.4,0.485,0.2490118577075099,0.7974683544303798,0.20253164556962025,0.5919003115264797,0.3795180722891566,0.3675,0.6325,0.04
0.8,0.5,0.485,0.2490118577075099,0.7974683544303798,0.20253164556962025,0.5919003115264797,0.3795180722891566,0.3675,0.6325,0.04
0.8,0.6,0.485,0.2490118577075099,0.7974683544303798,0.20253164556962025,0.5919003115264797,0.3795180722891566,0.3675,0.6325,0.04
0.8,0.7,0.485,0.2490118577075099,0.7974683544303798,0.20253164556962025,0.5919003115264797,0.3795180722891566,0.365,0.635,0.04
0.8,0.8,0.485,0.2490118577075099,0.7974683544303798,0.20253164556962025,0.5919003115264797,0.3795180722891566,0.3625,0.6375,0.0375
0.8,0.9,0.485,0.2490118577075099,0.7974683544303798,0.20253164556962025,0.5919003115264797,0.3795180722891566,0.2625,0.7375,0.0125
0.8,0.95,0.485,0.2490118577075099,0.7974683544303798,0.20253164556962025,0.5919003115264797,0.3795180722891566,0.155,0.845,0.0
0.85,0.0,0.51,0.25316455696202533,0.759493670886076,0.24050632911392406,0.5514018691588785,0.379746835443038,0.4075,0.5925,0.0475
0.85,0.1,0.51,0.25316455696202533,0.759493670886076,0.24050632911392406,0.5514018691588785,0.379746835443038,0.4075,0.5925,0.0475
0.85,0.2,0.51,0.25316455696202533,0.759493670886076,0.24050632911392406,0.5514018691588785,0.379746835443038,0.4075,0.5925,0.0475
0.85,0.3,0.51,0.25316455696202533,0.759493670886076,0.24050632911392406,0.5514018691588785,0.379746835443038,0.4075,0.5925,0.0475
0.85,0.4,0.51,0.25316455696202533,0.759493670886076,0.24050632911392406,0.5514018691588785,0.379746835443038,0.4075,0.5925,0.0475
0.85,0.5,0.51,0.25316455696202533,0.759493670886076,0.24050632911392406,0.5514018691588785,0.379746835443038,0.4075,0.5925,0.0475
0.85,0.6,0.51,0.25316455696202533,0.759493670886076,0.24050632911392406,0.5514018691588785,0.379746835443038,0.4075,0.5925,0.0475
0.85,0.7,0.51,0.25316455696202533,0.759493670886076,0.24050632911392406,0.5514018691588785,0.379746835443038,0.405,0.595,0.0475
0.85,0.8,0.51,0.25316455696202533,0.759493670886076,0.24050632911392406,0.5514018691588785,0.379746835443038,0.4025,0.5975,0.045
0.85,0.9,0.51,0.25316455696202533,0.759493670886076,0.24050632911392406,0.5514018691588785,0.379746835443038,0.27,0.73,0.0125
0.85,0.95,0.51,0.25316455696202533,0.759493670886076,0.24050632911392406,0.5514018691588785,0.379746835443038,0.155,0.845,0.0
0.9,0.0,0.5375,0.2590909090909091,0.7215189873417721,0.27848101265822783,0.5077881619937694,0.3812709030100334,0.45,0.55,0.055
0.9,0.1,0.5375,0.2590909090909091,0.7215189873417721,0.27848101265822783,0.5077881619937694,0.3812709030100334,0.45,0.55,0.055
0.9,0.2,0.5375,0.2590909090909091,0.7215189873417721,0.27848101265822783,0.5077881619937694,0.3812709030100334,0.45,0.55,0.055
0.9,0.3,0.5375,0.2590909090909091,0.7215189873417721,0.27848101265822783,0.5077881619937694,0.3812709030100334,0.45,0.55,0.055
0.9,0.4,0.5375,0.2590909090909091,0.7215189873417721,0.27848101265822783,0.5077881619937694,0.3812709030100334,0.45,0.55,0.055
0.9,0.5,0.5375,0.2590909090909091,0.7215189873417721,0.27848101265822783,0.5077881619937694,0.3812709030100334,0.45,0.55,0.055
0.9,0.6,0.5375,0.2590909090909091,0.7215189873417721,0.27848101265822783,0.5077881619937694,0.3812709030100334,0.45,0.55,0.055
0.9,0.7,0.5375,0.2590909090909091,0.7215189873417721,0.27848101265822783,0.5077881619937694,0.3812709030100334,0.4475,0.5525,0.055
0.9,0.8,0.5375,0.2590909090909091,0.7215189873417721,0.27848101265822783,0.5077881619937694,0.3812709030100334,0.4425,0.5575,0.0525
0.9,0.9,0.5375,0.2590909090909091,0.7215189873417721,0.27848101265822783,0.5077881619937694,0.3812709030100334,0.28,0.72,0.015
0.9,0.95,0.5375,0.2590909090909091,0.7215189873417721,0.27848101265822783,0.5077881619937694,0.3812709030100334,0.155,0.845,0.0
0.95,0.0,0.6025,0.2826086956521739,0.6582278481012658,0.34177215189873417,0.411214953271028,0.39543726235741444,0.54,0.46,0.0675
0.95,0.1,0.6025,0.2826086956521739,0.6582278481012658,0.34177215189873417,0.411214953271028,0.39543726235741444,0.54,0.46,0.0675
0.95,0.2,0.6025,0.2826086956521739,0.6582278481012658,0.34177215189873417,0.411214953271028,0.39543726235741444,0.54,0.46,0.0675
0.95,0.3,0.6025,0.2826086956521739,0.6582278481012658,0.34177215189873417,0.411214953271028,0.39543726235741444,0.54,0.46,0.0675
0.95,0.4,0.6025,0.2826086956521739,0.6582278481012658,0.34177215189873417,0.411214953271028,0.39543726235741444,0.54,0.46,0.0675
0.95,0.5,0.6025,0.2826086956521739,0.6582278481012658,0.34177215189873417,0.411214953271028,0.39543726235741444,0.54,0.46,0.0675
0.95,0.6,0.6025,0.2826086956521739,0.6582278481012658,0.34177215189873417,0.411214953271028,0.39543726235741444,0.54,0.46,0.0675
0.95,0.7,0.6025,0.2826086956521739,0.6582278481012658,0.34177215189873417,0.411214953271028,0.39543726235741444,0.5375,0.4625,0.0675
0.95,0.8,0.6025,0.2826086956521739,0.6582278481012658,0.34177215189873417,0.411214953271028,0.39543726235741444,0.5325,0.4675,0.065
0.95,0.9,0.6025,0.2826086956521739,0.6582278481012658,0.34177215189873417,0.411214953271028,0.39543726235741444,0.29,0.71,0.015
0.95,0.95,0.6025,0.2826086956521739,0.6582278481012658,0.34177215189873417,0.411214953271028,0.39543726235741444,0.155,0.845,0.0
