epoch,split,confidence_mean,fnr,fpr,hard_runtime_accuracy,hard_runtime_label_valid,precision,recall,risk_accuracy,runtime_mae,loss,epoch_time_sec,samples_per_sec
0,train,0.5960690674139186,0.3824238211099525,0.30844944222929077,0.9368607954545455,1.0,0.5330281266606816,0.6175761788900476,0.6813210227272728,2.3377111495604495,7.90947961807251,0.08511211903532967,14099.049742867819
0,val,0.5711086247465573,0.0,0.8233950883239982,0.8582899305555556,1.0,0.23908730158730157,1.0,0.3465711805555556,2.6044865350367727,2.8203965425491333,,
1,train,0.6039344153028321,0.0,0.48036822723971523,0.60234375,1.0,0.6671673708819637,1.0,0.7548295454545455,2.2443322313386975,4.80696325302124,0.08177035901462659,14675.244360677825
1,val,0.5774700407831308,0.0,0.8233950883239982,0.32552083333333337,1.0,0.23908730158730157,1.0,0.3465711805555556,2.4601773391593578,2.7301409244537354,,
2,train,0.6052420759256083,0.0,0.48547231459617823,0.4258522727272728,1.0,0.6782542898163403,1.0,0.7603693181818182,2.1537180515752086,3.0275463104248046,0.08108434203313664,14799.404791489798
2,val,0.5663054551696405,0.0,0.8233950883239982,0.296875,1.0,0.23908730158730157,1.0,0.3465711805555556,2.3225888853180656,2.76549756526947,,
3,train,0.620175120101141,0.0,0.4244002867159284,0.41321022727272727,1.0,0.7137992180680872,1.0,0.7941761363636364,1.9403427570916691,2.4627838134765625,0.08148167101899162,14727.238469622278
3,val,0.5853104932789898,0.0,0.8233950883239982,0.2999131944444444,1.0,0.23908730158730157,1.0,0.3465711805555556,2.097057393448328,2.7904069423675537,,
4,train,0.6608913943213833,0.0,0.42981492465599375,0.43465909090909094,1.0,0.687066734253799,1.0,0.7791903409090909,1.6542666848180967,2.30698184967041,0.08374647097662091,14328.961996918031
4,val,0.6258156281093963,0.0,0.8139164153382162,0.333984375,1.0,0.24105271039233303,1.0,0.3543836805555556,1.8217907317612725,2.774156093597412,,
5,train,0.7017641363877126,0.0,0.43124868665109,0.5379261363636363,1.0,0.6991520588356989,1.0,0.7849431818181818,1.3602662392287668,2.039294934272766,0.08154882700182498,14715.110494147822
5,val,0.6630973621633731,0.0,0.8139164153382162,0.4427083333333333,1.0,0.24105271039233303,1.0,0.3543836805555556,1.5259131925739393,2.70218026638031,,
6,train,0.7349498735486784,0.0,0.43122635648951435,0.66171875,1.0,0.6946559966804683,1.0,0.7823863636363637,1.0759440856011522,1.8346782207489014,0.0808289289707318,14846.16974739973
6,val,0.68357434846823,0.0,0.8139164153382162,0.4884982638888889,1.0,0.24105271039233303,1.0,0.3543836805555556,1.2782335251300743,2.624569058418274,,
7,train,0.7481267750601877,0.0,0.4495197115973385,0.7622869318181819,1.0,0.6806180164270914,1.0,0.7702414772727273,0.8505233386855192,1.6925421953201294,0.08190100302454084,14651.835211840222
7,val,0.6830277968741332,0.0,0.8139164153382162,0.65234375,1.0,0.24105271039233303,1.0,0.3543836805555556,1.0237216978375328,2.4972394704818726,,
8,train,0.7479821641252122,0.0,0.3907013872713564,0.8671164772727273,1.0,0.7222716093217741,1.0,0.8061789772727274,0.6415544411991909,1.5259110450744628,0.08085182798095047,14841.964986651043
8,val,0.6777373632907661,0.0,0.8139164153382162,0.7532552083333333,1.0,0.24105271039233303,1.0,0.3543836805555556,0.845442533228137,2.4212589263916016,,
9,train,0.7457523385316811,0.0,0.4219368001739377,0.8922585227272727,1.0,0.6966736391588472,1.0,0.7847301136363637,0.5188986628140416,1.3474323511123658,0.08135787700302899,14749.647412202306
9,val,0.6739605000734122,0.0,0.8139164153382162,0.8539496527777778,1.0,0.24105271039233303,1.0,0.3543836805555556,0.7031310258578138,2.423967480659485,,
10,train,0.7400713763326745,0.0,0.43847129668045143,0.9536931818181819,1.0,0.7206977382677152,1.0,0.7948153409090909,0.3944441620718618,1.2852794647216796,0.08060771302552894,14886.91286428078
10,val,0.6840504975860111,0.0,0.8139164153382162,0.8741319444444444,1.0,0.24105271039233303,1.0,0.3543836805555556,0.5868537160847189,2.4249067306518555,,
11,train,0.7523643945047462,0.0,0.4575451437468631,0.9413352272727273,1.0,0.6888656288639445,1.0,0.7739346590909091,0.2643060625836388,1.2082893610000611,0.0802895009983331,14945.91428616443
11,val,0.6916594368845431,0.0,0.8139164153382162,0.9142795138888888,1.0,0.24105271039233303,1.0,0.3543836805555556,0.4147344022601833,2.5109294652938843,,
12,train,0.7648559488991106,0.0,0.42658778729770164,0.9597301136363636,1.0,0.7006455346694496,1.0,0.7865767045454545,0.18252534626515335,1.2006433129310607,0.08014449698384851,14972.95566334187
12,val,0.7078935851524066,0.0,0.8139164153382162,0.9255642361111112,1.0,0.24105271039233303,1.0,0.3543836805555556,0.33377070120453506,2.54317569732666,,
13,train,0.7655133664269339,0.0,0.4428901228673287,0.9758522727272727,1.0,0.702011716690588,1.0,0.7832386363636363,0.15377641005883022,1.1254903078079224,0.08017894497606903,14966.522699421443
13,val,0.7073303854558617,0.0,0.8115467470917708,0.9598524305555556,1.0,0.24155570601068233,1.0,0.3563368055555556,0.25587944530446377,2.6846383810043335,,
14,train,0.7630527139599013,0.0,0.4378612730039036,0.9797585227272727,1.0,0.6753503707412506,1.0,0.7693181818181818,0.13645870343016953,1.0864691615104676,0.08108623401494697,14799.059477577895
14,val,0.6956353218734471,0.0,0.8115467470917708,0.9559461805555556,1.0,0.24155570601068233,1.0,0.3563368055555556,0.2537833448342546,2.6677632331848145,,
15,train,0.7525147586764598,0.0,0.45049599857042927,0.9890625,1.0,0.6742562729810524,1.0,0.7662642045454545,0.13547952521423795,1.0480720281600953,0.08035406400449574,14933.90552010986
15,val,0.6978338507340394,0.0,0.8044377423524343,0.9485677083333333,1.0,0.24309371184371184,1.0,0.3621961805555556,0.271207024118772,2.6305092573165894,,
16,train,0.7554413466883654,0.0,0.41756957248794635,0.9899147727272727,1.0,0.6823032619109834,1.0,0.7806107954545455,0.11768164752328883,0.9403211355209351,0.08022364100906998,14958.1842073751
16,val,0.6935543168413763,0.011111111111111112,0.8068074105988798,0.9255642361111112,1.0,0.24068986568986567,0.9888888888888889,0.3582899305555556,0.2921920411408341,2.577014684677124,,
17,train,0.7582769296978685,0.0,0.4454573507552243,0.989559659090909,1.0,0.6912003388454218,1.0,0.7769176136363637,0.10622639460539052,1.0082048654556275,0.08033091999823228,14938.208102514034
17,val,0.7211457143744661,0.07777777777777778,0.7878500646273158,0.9006076388888888,1.0,0.23285877925053183,0.9222222222222223,0.3621961805555556,0.2928978033307766,2.594565749168396,,
18,train,0.7750174502842129,0.0,0.3795359187464557,0.9887073863636363,1.0,0.6949016684485245,1.0,0.7969460227272728,0.08562979460216999,0.9026533126831054,0.08008279296336696,14984.49236840338
18,val,0.743950467918896,0.18856209150326797,0.6940327445066781,0.9255642361111112,1.0,0.23262175498819998,0.811437908496732,0.416015625,0.34207702582343924,2.721478581428528,,
19,train,0.7849326522724533,0.0,0.3581580862839091,0.9859375,1.0,0.7296782203396075,1.0,0.8181107954545455,0.1049329395305512,0.8605960369110107,0.08156637899810448,14711.943998738583
19,val,0.7708636835062255,0.1627450980392157,0.6918569582076691,0.9333767361111112,1.0,0.23871822033898304,0.8372549019607842,0.4229600694444444,0.4346887335780484,2.7920254468917847,,
20,train,0.8028373756107282,0.0,0.3664366782411137,0.9875710227272727,1.0,0.7259395686304632,1.0,0.8134943181818182,0.11205139332616505,0.8853726983070374,0.0800237400108017,14995.550068492457
20,val,0.796038910255043,0.25130718954248366,0.6286514433433865,0.9294704861111112,1.0,0.23647004668902477,0.7486928104575163,0.45572916666666663,0.5156909459476493,2.991230607032776,,
21,train,0.8174935473721814,0.0,0.3456056507556501,0.9949573863636363,1.0,0.7425759576540099,1.0,0.826278409090909,0.10142217513698619,0.7644132614135742,0.07994306500768289,15010.682913954757
21,val,0.817827372578904,0.36209150326797385,0.5002585092632486,0.9691840277777778,1.0,0.25244472789115646,0.6379084967320261,0.5366753472222222,0.5233395262225584,3.4686368703842163,,
22,train,0.8372565933926539,0.0,0.287277487531848,0.9930397727272726,1.0,0.7671571853088522,1.0,0.8522727272727273,0.10237859906056106,0.7377237200736999,0.08011196501320228,14979.035900595405
22,val,0.8253240872743643,0.3362745098039216,0.4937311503662215,0.9162326388888888,1.0,0.260625,0.6637254901960784,0.5466579861111112,0.5601872807088812,3.3187025785446167,,
23,train,0.8413203950124707,0.0,0.31609986416811964,0.9890625,1.0,0.7538475355741333,1.0,0.8391335227272727,0.1012353078632304,0.7479901432991027,0.0799037929973565,15018.06053236672
23,val,0.8394513956995474,0.4212418300653594,0.4583800086169754,0.9539930555555556,1.0,0.250262260687123,0.5787581699346406,0.5588107638888888,0.5495783262882346,3.807213306427002,,
24,train,0.8488366806625642,0.0,0.26934024159048725,0.99375,1.0,0.779699500301507,1.0,0.8611505681818181,0.108711268884681,0.6655294537544251,0.0799995309789665,15000.087941959364
24,val,0.8364456355468266,0.47287581699346404,0.40484704868591126,0.9735243055555556,1.0,0.2605866018743492,0.527124183006536,0.5907118055555556,0.5449173785924227,4.160495281219482,,
25,train,0.8457584221466359,0.0,0.24371263688192818,0.98984375,1.0,0.7976245217163036,1.0,0.8757102272727273,0.10429536397138581,0.6231593608856201,0.08051262696972117,14904.49442733114
25,val,0.8295919289812446,0.44705882352941173,0.4236105127100388,0.9641927083333333,1.0,0.25798525798525795,0.5529411764705883,0.5809461805555556,0.5436059706651755,4.178499817848206,,
26,train,0.8501673649763688,0.0,0.2229624202691034,0.996875,1.0,0.8150076706648391,1.0,0.8872869318181819,0.10383825363774672,0.5807267129421234,0.08015793102094904,14970.44627669324
26,val,0.8596852130204853,0.47287581699346404,0.4026712623869022,0.9696180555555556,1.0,0.2602941176470588,0.527124183006536,0.5922309027777778,0.5285764492568498,4.411945819854736,,
27,train,0.8690238330767237,0.0,0.24931658508793494,0.992684659090909,1.0,0.8045170440213122,1.0,0.8775568181818182,0.10110307495163387,0.5923509240150452,0.08008414099458605,14984.240139144702
27,val,0.8621535266413249,0.557843137254902,0.3884532529082292,0.9793836805555556,1.0,0.23176918199112237,0.442156862745098,0.5872395833333334,0.5476001287983927,4.7616002559661865,,
28,train,0.867773871098391,0.0,0.22797246249817285,0.9938210227272727,1.0,0.8014171175520624,1.0,0.8811079545454545,0.09849204178279537,0.5658327639102936,0.08040878298925236,14923.742847350333
28,val,0.8419841446965519,0.568954248366013,0.3558595433003016,0.9813368055555556,1.0,0.24583333333333335,0.43104575163398695,0.611328125,0.5040191209946634,5.262892723083496,,
29,train,0.8578324975022538,0.0,0.2119455849709624,0.9984375,1.0,0.8262672373698576,1.0,0.89453125,0.09893575144529207,0.5103404283523559,0.08023255201987922,14956.5228799238
29,val,0.8617250463640731,0.6094771241830066,0.3054717794054287,0.9832899305555556,1.0,0.2539602291877317,0.39052287581699346,0.6414930555555556,0.4904525708246333,5.2833839654922485,,
30,train,0.8759406386916948,0.0015503875968992248,0.17772422422172435,0.9949573863636363,1.0,0.8456355466155202,0.9984496124031008,0.909375,0.09912678251636875,0.5230375289916992,0.18545988795813173,6470.4018384336805
30,val,0.885981674060329,0.6205882352941177,0.28216286083584663,0.9906684027777778,1.0,0.26679104477611937,0.37941176470588234,0.658203125,0.4602698070122042,5.767530679702759,,
31,train,0.8822019588413902,0.0,0.23583395629258663,0.9949573863636363,1.0,0.8042305057937009,1.0,0.8800426136363637,0.09909553305933425,0.5760897159576416,0.08442964102141559,14213.01791032867
31,val,0.8893319818889722,0.6205882352941177,0.261611374407583,0.9906684027777778,1.0,0.27936507936507937,0.37941176470588234,0.6740451388888888,0.4293628516035114,6.030796051025391,,
32,train,0.8825829872946169,0.004932704789232767,0.1810444967088843,0.9946022727272726,1.0,0.8477705665558398,0.9950672952107673,0.9080255681818181,0.09983584630830913,0.5297852337360383,0.08012546598911285,14976.51196391234
32,val,0.8786622494614373,0.5431372549019607,0.3171262386902197,0.9887152777777778,1.0,0.2756849315068493,0.45686274509803926,0.646484375,0.4357607572493746,5.435393571853638,,
33,train,0.8843785059511322,0.0,0.19756296830045017,0.9984375,1.0,0.8325097857000145,1.0,0.9002130681818181,0.08947565603497493,0.5034312009811401,0.08010834798915312,14979.712228774
33,val,0.8881383657636535,0.6686274509803922,0.24067212408444638,0.994140625,1.0,0.26111111111111107,0.33137254901960783,0.6814236111111112,0.3959216145535588,6.317631959915161,,
34,train,0.8888939958785407,0.0,0.1674483057670064,0.9946022727272726,1.0,0.8544094178034112,1.0,0.9154119318181818,0.08505692366321589,0.41764848232269286,0.08006037201266736,14988.688783636091
34,val,0.8986740924883634,0.6797385620915033,0.2337570012925463,0.99609375,1.0,0.25254237288135595,0.3202614379084967,0.6848958333333333,0.34172335282471517,6.68305778503418,,
35,train,0.8978074132634157,0.0,0.1428609032976561,1.0,1.0,0.8712908198356143,1.0,0.9272017045454545,0.08656517877500669,0.37248345017433165,0.07992982299765572,15013.169740601015
35,val,0.8976777367837105,0.6797385620915033,0.22664799655320983,0.994140625,1.0,0.26617873651771956,0.3202614379084967,0.6907552083333333,0.35367440120250293,6.680469512939453,,
36,train,0.9062302461825311,0.0,0.1296557840200312,0.99609375,1.0,0.8721227642392014,1.0,0.93125,0.09593325856762953,0.36759435534477236,0.08002854802180082,14994.649155362715
36,val,0.9002727819477312,0.6797385620915033,0.22210254200775528,0.994140625,1.0,0.26880877742946707,0.3202614379084967,0.6942274305555556,0.3329590801765445,6.9654645919799805,,
37,train,0.9072933890137144,0.0,0.15785035765188682,0.9953125,1.0,0.8713528985324789,1.0,0.923934659090909,0.09276692477783412,0.38385067582130433,0.08014564000768587,14972.742121529274
37,val,0.9083044825302851,0.6797385620915033,0.22210254200775528,0.994140625,1.0,0.26880877742946707,0.3202614379084967,0.6942274305555556,0.26326996530159164,7.242033958435059,,
38,train,0.9104166982864792,0.0,0.14125533523501915,0.99921875,1.0,0.8765390877667855,1.0,0.9300426136363636,0.0950539980562674,0.3682355940341949,0.08045405999291688,14915.34423627157
38,val,0.9143144993059751,0.6797385620915033,0.15788453252908227,0.994140625,1.0,0.34773936170212766,0.3202614379084967,0.744140625,0.24998480352034635,7.566209316253662,,
39,train,0.9184757158287209,0.0,0.12899153999359902,0.996875,1.0,0.8824825882724637,1.0,0.9344460227272726,0.09235617990176029,0.34964544177055357,0.0805482380092144,14897.905027577695
39,val,0.9240637378534302,0.7019607843137254,0.1464239551917277,0.99609375,1.0,0.3153846153846154,0.2980392156862745,0.7491319444444444,0.26228104338237923,8.287445545196533,,
40,train,0.9206608038310978,0.0027210884353741495,0.13172002911626982,0.996875,1.0,0.8897008729331913,0.9972789115646258,0.9352272727272727,0.08962898159220659,0.3854990005493164,0.08026550296926871,14950.382861980503
40,val,0.9292635009365363,0.7019607843137254,0.15570874623007322,0.99609375,1.0,0.2956521739130435,0.2980392156862745,0.7417534722222222,0.22075172183242983,8.47891616821289,,
41,train,0.9280438066290861,0.009107523606457509,0.10070283056921214,0.9941761363636363,1.0,0.9140973862383875,0.9908924763935424,0.946377840909091,0.09383993875365167,0.3870927393436432,0.08040201099356636,14924.999824892713
41,val,0.9430257701444336,0.7571895424836601,0.10967255493321844,0.998046875,1.0,0.33333333333333337,0.24281045751633987,0.7654079861111112,0.18791901184695564,9.365742444992065,,
42,train,0.9322017795744945,0.0,0.1233147509509365,0.99296875,1.0,0.8975261713991423,1.0,0.9407670454545455,0.09398973967144934,0.3590421319007874,0.08053661597659811,14900.054906065205
42,val,0.9434447232504479,0.7277777777777779,0.12369668246445498,0.998046875,1.0,0.30128205128205127,0.2722222222222222,0.7610677083333333,0.2237222576581578,9.390965700149536,,
43,train,0.9273279902694578,0.0,0.11696123799192908,0.9980823863636363,1.0,0.9032863764215004,1.0,0.9441761363636363,0.09312815142500129,0.31826689541339875,0.08037055004388094,14930.842197108526
43,val,0.9384413340982671,0.7277777777777779,0.11678155967255494,0.998046875,1.0,0.3145933014354067,0.2722222222222222,0.7664930555555556,0.22275340196146276,9.462836265563965,,
44,train,0.9309358031785285,0.0,0.0926432406959611,0.99921875,1.0,0.9165143255594504,1.0,0.9541193181818182,0.08834152059213898,0.2644591897726059,0.080367213988211,14931.461978712201
44,val,0.9471342015830386,0.7718954248366013,0.10512710038776389,0.998046875,1.0,0.33088235294117646,0.2281045751633987,0.7654079861111112,0.17677199845533842,10.000349283218384,,
45,train,0.9393414198590273,0.0,0.09759087195837694,0.99921875,1.0,0.9115463491144824,1.0,0.9513494318181819,0.09222217514741213,0.298866930603981,0.08048145996872336,14910.26629569522
45,val,0.9528227884503495,0.7571895424836601,0.11441189142610944,0.998046875,1.0,0.30833333333333335,0.24281045751633987,0.7615017361111112,0.19775557123073698,9.891926527023315,,
46,train,0.9404454311017286,0.0,0.11157461747870856,0.9988636363636363,1.0,0.8926855711338471,1.0,0.941690340909091,0.09338140978118965,0.3125760853290558,0.0806001879973337,14888.302742416638
46,val,0.9529127179670872,0.746078431372549,0.12132701421800948,0.99609375,1.0,0.32770270270270274,0.25392156862745097,0.7580295138888888,0.19717947815174136,9.782041549682617,,
47,train,0.9391303662210703,0.0,0.07974559232011902,0.99609375,1.0,0.931867312194084,1.0,0.9619318181818182,0.09122545154521793,0.25386428236961367,0.08438764698803425,14220.090769566712
47,val,0.9517130259709019,0.7830065359477124,0.10512710038776389,0.998046875,1.0,0.2773109243697479,0.21699346405228756,0.7634548611111112,0.1587899628021788,10.335618257522583,,
48,train,0.9419399019838733,0.0,0.06882347548883555,1.0,1.0,0.9344623799692636,1.0,0.9654829545454545,0.08712096963131233,0.2259637802839279,0.08049172401661053,14908.364986099243
48,val,0.9537444604534863,0.7830065359477124,0.1074967686342094,0.998046875,1.0,0.26838235294117646,0.21699346405228756,0.7615017361111112,0.17881563254162414,10.47826099395752,,
49,train,0.9463678288315845,0.0,0.08287469539355564,0.99921875,1.0,0.9289671928990423,1.0,0.9600852272727274,0.08876522881486293,0.4111009329557419,0.08039474801626056,14926.348170869185
49,val,0.9580738712360876,0.7830065359477124,0.09347264110297286,0.998046875,1.0,0.33712121212121215,0.21699346405228756,0.7727864583333333,0.19735474717183527,10.894726991653442,,
50,train,0.9477906393606894,0.0,0.08911430497375897,0.99609375,1.0,0.9215198446528369,1.0,0.9563920454545455,0.08822590815619383,0.24277433454990388,0.08031012903666124,14942.07535704749
50,val,0.9592792421010219,0.7830065359477124,0.09821197759586385,0.998046875,1.0,0.29545454545454547,0.21699346405228756,0.7688802083333333,0.21715259174598162,10.825051069259644,,
51,train,0.9495539248455316,0.0,0.08509611006777935,0.99921875,1.0,0.9180260362202205,1.0,0.9564630681818181,0.08710417963639192,0.24511997103691102,0.080281806003768,14947.346848969471
51,val,0.961341634263388,0.7830065359477124,0.09347264110297286,0.998046875,1.0,0.33712121212121215,0.21699346405228756,0.7727864583333333,0.18986869176827575,11.222667932510376,,
52,train,0.9486006142783232,0.0,0.08471895505285168,0.99765625,1.0,0.9177954834290375,1.0,0.956534090909091,0.08879444739356901,0.25210349559783934,0.08034370600944385,14935.830814910982
52,val,0.9609145827901859,0.7830065359477124,0.08892718655751831,0.998046875,1.0,0.34375,0.21699346405228756,0.7762586805555556,0.19926534443286764,11.440276861190796,,
53,train,0.9498123962262814,0.0,0.08143402631805219,0.99921875,1.0,0.921898367363081,1.0,0.9583806818181818,0.07723189240376827,0.22834403514862062,0.08042576699517667,14920.591308404519
53,val,0.9618586666700948,0.7977124183006536,0.08438173201206377,0.998046875,1.0,0.3416666666666667,0.20228758169934638,0.7762586805555556,0.20190648326603516,11.319894552230835,,
54,train,0.9534854762213814,0.0,0.0624116551798477,0.99921875,1.0,0.9440572662531903,1.0,0.9697443181818182,0.07957780975291173,0.18364481031894683,0.08019053400494158,14964.359757550092
54,val,0.9669560486994062,0.7830065359477124,0.07983627746660922,0.998046875,1.0,0.35833333333333334,0.21699346405228756,0.783203125,0.1911036458074922,11.460932970046997,,
55,train,0.956866615028544,0.0,0.055302416987296286,1.0,1.0,0.9432609951766808,1.0,0.9712357954545455,0.07371122145560875,0.17486344277858734,0.08014161902246997,14973.493356348916
55,val,0.9684450744858218,0.7830065359477124,0.0936665230504093,0.998046875,1.0,0.3020833333333333,0.21699346405228756,0.7723524305555556,0.18065687807581768,11.527285099029541,,
56,train,0.9578006801026111,0.0,0.06695453634971132,0.99921875,1.0,0.9388069031013526,1.0,0.9670454545454545,0.07959495960958554,0.18921974003314973,0.08039571798872203,14926.168084826817
56,val,0.9725685525918379,0.7977124183006536,0.07983627746660922,0.998046875,1.0,0.34913793103448276,0.20228758169934638,0.7797309027777778,0.1687111977639995,12.098240375518799,,
57,train,0.9607779823539948,0.0,0.0725073924823612,0.9973011363636364,1.0,0.9339736970159885,1.0,0.964346590909091,0.08080207121392839,0.21378702223300933,0.08040714601520449,14924.046673327859
57,val,0.9689484771677397,0.8124183006535948,0.07983627746660922,0.998046875,1.0,0.3392857142857143,0.18758169934640523,0.7762586805555556,0.15675981814512346,12.254959106445312,,
58,train,0.9563012237237258,0.0,0.05829657862520506,1.0,1.0,0.948811625918147,1.0,0.9720170454545455,0.08262428951131369,0.1844782829284668,0.0803487990051508,14934.88409108733
58,val,0.9704795877914876,0.8124183006535948,0.07766049116760017,0.998046875,1.0,0.3222222222222222,0.18758169934640523,0.7777777777777778,0.1772275870365903,12.287848472595215,,
59,train,0.9582641837568108,0.0,0.06299656859647576,0.9988636363636363,1.0,0.9347173166425934,1.0,0.966690340909091,0.08178327460592913,0.21228045523166655,0.08025373297277838,14952.575482152753
59,val,0.9688907560581963,0.8565359477124184,0.06619991383024558,0.998046875,1.0,0.3295454545454546,0.1434640522875817,0.7762586805555556,0.16899843421730798,12.810113430023193,,
60,train,0.9558707856700164,0.0,0.0648925896163528,1.0,1.0,0.9438329398257063,1.0,0.969034090909091,0.07971381444213169,0.1738906055688858,0.08020103501621634,14962.400419861971
60,val,0.9751171954752256,0.8418300653594771,0.07529082292115467,0.998046875,1.0,0.325,0.15816993464052287,0.7727864583333333,0.15605151068294829,12.719815254211426,,
61,train,0.9643393148837441,0.0,0.06238162036968007,0.99921875,1.0,0.9388012390475545,1.0,0.9681107954545455,0.07616919257975777,0.20015710294246675,0.08044380694627762,14917.245286531379
61,val,0.9765522130635671,0.8418300653594771,0.07983627746660922,0.998046875,1.0,0.3173076923076923,0.15816993464052287,0.7693142361111112,0.1599854492663097,12.931578636169434,,
62,train,0.9667618273418735,0.0,0.06372479621841659,1.0,1.0,0.9388492422150252,1.0,0.9677556818181818,0.07055631827356589,0.19561592042446135,0.08017847704468295,14966.610045876123
62,val,0.9758687062939215,0.8418300653594771,0.06383024558380009,0.998046875,1.0,0.38405797101449274,0.15816993464052287,0.7816840277777778,0.1542761639045786,13.273237228393555,,
63,train,0.9583654280836609,0.0,0.061744041134752584,0.99921875,1.0,0.9362816161121656,1.0,0.967684659090909,0.07373545898870935,0.17194854021072387,0.08047759102191776,14910.983104267927
63,val,0.9752773039767312,0.8418300653594771,0.06837570012925462,0.998046875,1.0,0.375,0.15816993464052287,0.7782118055555556,0.17000791331281476,13.109462261199951,,
64,train,0.9644342822361398,0.0,0.04683385784567762,0.9984375,1.0,0.9527759339260689,1.0,0.9759232954545455,0.07316660661472868,0.15316684246063234,0.08037054300075397,14930.84350554584
64,val,0.9781612507973073,0.8418300653594771,0.06383024558380009,0.998046875,1.0,0.38405797101449274,0.15816993464052287,0.7816840277777778,0.17701651081423142,13.155704021453857,,
65,train,0.9667512325739318,0.0,0.055324604354301796,1.0,1.0,0.9476519081468545,1.0,0.9724431818181818,0.07333864704822986,0.16698623895645143,0.08029565401375294,14944.768988299984
65,val,0.9766771298082959,0.8271241830065359,0.07074536837570013,0.998046875,1.0,0.345,0.17287581699346405,0.7797309027777778,0.1502297385280162,13.478260040283203,,
66,train,0.9626479311274704,0.0,0.026188470284349175,1.0,1.0,0.9725572382459564,1.0,0.986434659090909,0.07366148679165122,0.13058947026729584,0.08040014299331233,14925.346589244447
66,val,0.9787347251420013,0.8271241830065359,0.07983627746660922,0.998046875,1.0,0.3287037037037037,0.17287581699346405,0.7727864583333333,0.16057354157773293,13.527904987335205,,
67,train,0.9668265968899835,0.0,0.04687144342805984,0.99921875,1.0,0.9542760879316567,1.0,0.976278409090909,0.06956333806144685,0.14058562070131303,0.08315726002911106,14430.489888434433
67,val,0.9789549532708608,0.8418300653594771,0.06383024558380009,0.998046875,1.0,0.38405797101449274,0.15816993464052287,0.7816840277777778,0.15815227361051365,13.674018383026123,,
68,train,0.9702469827501442,0.0,0.04300301905184892,1.0,1.0,0.9605068659153044,1.0,0.9789772727272726,0.07140537295729417,0.1443112850189209,0.08021154697053134,14960.439554181195
68,val,0.982980115714276,0.8418300653594771,0.06383024558380009,0.998046875,1.0,0.38405797101449274,0.15816993464052287,0.7816840277777778,0.1859375802460195,13.786174774169922,,
69,train,0.9735608109992675,0.0,0.036847825279401045,1.0,1.0,0.9591238868739218,1.0,0.980184659090909,0.07364722079647443,0.12595859169960022,0.08036304003326222,14932.237500016432
69,val,0.9834371914750792,0.8565359477124184,0.05928479103834554,0.998046875,1.0,0.38095238095238093,0.1434640522875817,0.7816840277777778,0.15708395163631328,14.297686100006104,,
70,train,0.9712282429470427,0.0,0.049396331655494764,1.0,1.0,0.9538404496728831,1.0,0.975497159090909,0.067925151826327,0.14384962767362594,0.08011870598420501,14977.77560506998
70,val,0.9839578064080949,0.8565359477124184,0.06837570012925462,0.998046875,1.0,0.36231884057971014,0.1434640522875817,0.7747395833333333,0.1290018244282066,14.610899448394775,,
71,train,0.9700687655036084,0.0,0.052698412296511545,1.0,1.0,0.9465351023245759,1.0,0.9727982954545455,0.07579782092429238,0.15359923839569092,0.08023222599877045,14956.583655280734
71,val,0.9833134353781741,0.8418300653594771,0.06383024558380009,0.998046875,1.0,0.38405797101449274,0.15816993464052287,0.7816840277777778,0.13191068696759994,14.314985752105713,,
72,train,0.9724271172657609,0.0,0.037468278633593796,1.0,1.0,0.9631974211186979,1.0,0.980965909090909,0.07057009179158194,0.1228964164853096,0.08008260797942057,14984.526981293779
72,val,0.9847789904904656,0.8418300653594771,0.05928479103834554,0.998046875,1.0,0.3939393939393939,0.15816993464052287,0.78515625,0.14086511747355818,14.72326946258545,,
73,train,0.9721136862793092,0.0,0.05275428654862309,0.99921875,1.0,0.9496385578514477,1.0,0.9735795454545455,0.06999773736813565,0.15478329360485077,0.08026838803198189,14949.845504831563
73,val,0.9848653350749778,0.8418300653594771,0.05928479103834554,0.998046875,1.0,0.3939393939393939,0.15816993464052287,0.78515625,0.1251738427227321,15.04825210571289,,
74,train,0.970738046059639,0.010533515731874145,0.03965590351359129,1.0,1.0,0.9617882549813169,0.9894664842681259,0.9748579545454545,0.07226511151693776,0.26890197247266767,0.08022693201201037,14957.570605097477
74,val,0.983978661747339,0.8565359477124184,0.05928479103834554,0.998046875,1.0,0.38095238095238093,0.1434640522875817,0.7816840277777778,0.12776935687841748,15.343528747558594,,
75,train,0.9705144357782874,0.0,0.0500746641340145,1.0,1.0,0.9555741940162534,1.0,0.9758522727272727,0.07603630348252952,0.1425577774643898,0.08028429001569748,14946.884375079751
75,val,0.9850672426659407,0.8565359477124184,0.05928479103834554,0.998046875,1.0,0.38095238095238093,0.1434640522875817,0.7816840277777778,0.13152045997004413,15.004305362701416,,
76,train,0.9759707876777446,0.0,0.0382375844685842,0.99765625,1.0,0.9629689105146502,1.0,0.980965909090909,0.0715317995441873,0.12246623635292053,0.08020413998747244,14961.821175159226
76,val,0.9867418889318489,0.8418300653594771,0.05928479103834554,0.998046875,1.0,0.3939393939393939,0.15816993464052287,0.78515625,0.12840820604027728,15.131864547729492,,
77,train,0.9759416161507198,0.0,0.048412218199452246,1.0,1.0,0.951414395478043,1.0,0.9751420454545455,0.08308152098742004,0.13790981471538544,0.0801677709678188,14968.60877523597
77,val,0.9844993190943367,0.8565359477124184,0.05928479103834554,0.998046875,1.0,0.38095238095238093,0.1434640522875817,0.7816840277777778,0.12116484773145014,15.453975677490234,,
78,train,0.9715376296948472,0.0,0.04927772109595698,0.9980823863636363,1.0,0.9575415715237143,1.0,0.9764914772727273,0.08384188508710119,0.1331683799624443,0.08027703402331099,14948.235377649127
78,val,0.9847770023884045,0.8418300653594771,0.05928479103834554,0.998046875,1.0,0.3939393939393939,0.15816993464052287,0.78515625,0.14258809977280681,15.441272258758545,,
79,train,0.973311488379047,0.0,0.03800353821462812,1.0,1.0,0.9662814397948013,1.0,0.9818181818181818,0.0835899298268439,0.12436372935771942,0.0802314939792268,14956.720116799757
79,val,0.9840742702880461,0.8418300653594771,0.05928479103834554,0.998046875,1.0,0.3939393939393939,0.15816993464052287,0.78515625,0.15743483485727677,15.331799507141113,,
80,train,0.9729922841027887,0.0,0.040126182177631795,0.9988636363636363,1.0,0.963148355330125,1.0,0.9803267045454545,0.0713269631735518,0.1045640841126442,0.08034697198309004,14935.223697696461
80,val,0.984681730145692,0.8418300653594771,0.05928479103834554,0.998046875,1.0,0.3939393939393939,0.15816993464052287,0.78515625,0.11805848668955649,15.778329372406006,,
81,train,0.9672537096172824,0.0,0.04400763869106367,1.0,1.0,0.9574032254082475,1.0,0.9777698863636364,0.08124567837022882,0.15037269592285157,0.0803197170025669,14940.29168406619
81,val,0.9847813775090294,0.8271241830065359,0.05928479103834554,0.998046875,1.0,0.4057971014492754,0.17287581699346405,0.7886284722222222,0.12585965172398844,15.388710975646973,,
82,train,0.9757566263200715,0.0,0.050743699856852766,0.9980823863636363,1.0,0.9548681787693638,1.0,0.975497159090909,0.07990728267346837,0.11866454035043716,0.0801191939972341,14977.684374126713
82,val,0.9867896823626425,0.8565359477124184,0.05928479103834554,0.998046875,1.0,0.38095238095238093,0.1434640522875817,0.7816840277777778,0.12987032204023957,16.03709840774536,,
83,train,0.9717636438425291,0.0,0.021759728289627505,0.9980823863636363,1.0,0.9774674371691772,1.0,0.988778409090909,0.07235402870315241,0.09539265036582947,0.08001586800673977,14997.0253387606
83,val,0.9883786206159534,0.8271241830065359,0.05928479103834554,0.998046875,1.0,0.4057971014492754,0.17287581699346405,0.7886284722222222,0.130451039297372,15.778270244598389,,
84,train,0.9803048305171119,0.0,0.019672253714503214,1.0,1.0,0.9826224371026949,1.0,0.990625,0.06440027399035078,0.06608268469572068,0.08013840502826497,14974.093876422394
84,val,0.9889531671328263,0.8565359477124184,0.05928479103834554,0.998046875,1.0,0.38095238095238093,0.1434640522875817,0.7816840277777778,0.11255384382958576,16.160846710205078,,
85,train,0.9790623533878137,0.0,0.031177004054822387,0.99921875,1.0,0.9703153651363469,1.0,0.9845170454545455,0.07206955283385755,0.0946887917816639,0.08012502902420238,14976.593638893171
85,val,0.9870663237007749,0.8565359477124184,0.056915122791900044,0.998046875,1.0,0.4642857142857143,0.1434640522875817,0.7836371527777778,0.12445331950751864,16.281440258026123,,
86,train,0.9776350223205306,0.0,0.026997707553624538,0.9984375,1.0,0.9731735417468045,1.0,0.9863636363636363,0.06464348332617714,0.09036967605352401,0.08007209200877696,14986.49491846003
86,val,0.9829402485112142,0.8565359477124184,0.056915122791900044,0.998046875,1.0,0.4642857142857143,0.1434640522875817,0.7836371527777778,0.13205298234224686,16.495517253875732,,
87,train,0.9758801123233173,0.0,0.039228452706713574,1.0,1.0,0.9614138429001023,1.0,0.980184659090909,0.0642461525908093,0.0967139646410942,0.193544912035577,6200.111319792372
87,val,0.9867199460018633,0.8271241830065359,0.05928479103834554,0.998046875,1.0,0.4057971014492754,0.17287581699346405,0.7886284722222222,0.11652578993435962,16.469090461730957,,
88,train,0.9752222494952466,0.0,0.03576308412347824,1.0,1.0,0.9669331722533506,1.0,0.9824573863636363,0.06717813392652308,0.10080658048391342,0.08021820802241564,14959.197289282254
88,val,0.9880937235947285,0.8271241830065359,0.05928479103834554,0.998046875,1.0,0.4057971014492754,0.17287581699346405,0.7886284722222222,0.10987422158513985,16.07683229446411,,
89,train,0.9797014603116126,0.0,0.01789754024777066,1.0,1.0,0.9807541969278427,1.0,0.990625,0.06397820670141015,0.07454802617430686,0.08034927601693198,14934.795426745653
89,val,0.9891626418749284,0.8271241830065359,0.05928479103834554,0.998046875,1.0,0.4057971014492754,0.17287581699346405,0.7886284722222222,0.12488115609102242,15.972597122192383,,
90,train,0.9824306936320764,0.0,0.026593707250342,1.0,1.0,0.9743410502792891,1.0,0.9867897727272726,0.06566509970827356,0.08070569336414338,0.08015091699780896,14971.75634350888
90,val,0.9874799840617925,0.8271241830065359,0.056915122791900044,0.998046875,1.0,0.4891304347826087,0.17287581699346405,0.7905815972222222,0.10954372980788049,16.07599401473999,,
91,train,0.9796523365594277,0.0,0.026655893888131426,0.99921875,1.0,0.9745367169953179,1.0,0.9867897727272726,0.06306295966310513,0.07098752334713936,0.0856106510036625,14016.947493468575
91,val,0.9882285897749372,0.8565359477124184,0.0523696682464455,0.998046875,1.0,0.475,0.1434640522875817,0.787109375,0.10695334082015338,16.363911151885986,,
92,train,0.9827642034866255,0.0,0.0205434075694846,1.0,1.0,0.979007846713657,1.0,0.9894886363636364,0.0622950039919267,0.07896280363202095,0.08055574505124241,14896.516682164216
92,val,0.9910393719845969,0.8271241830065359,0.056915122791900044,0.998046875,1.0,0.4891304347826087,0.17287581699346405,0.7905815972222222,0.10954048532539472,16.171793937683105,,
93,train,0.9839301611825993,0.0,0.022488256050479473,1.0,1.0,0.9764427617416749,1.0,0.9884232954545455,0.06330490602409167,0.08530173227190971,0.08026289701228961,14950.868267516678
93,val,0.9912377457108555,0.8271241830065359,0.056915122791900044,0.998046875,1.0,0.4891304347826087,0.17287581699346405,0.7905815972222222,0.10866592380145648,16.401933193206787,,
94,train,0.9841692481189966,0.0,0.017292456947800867,0.99921875,1.0,0.9835146912431348,1.0,0.9914772727272727,0.06710264285554575,0.062040966004133224,0.08029940800042823,14944.070322331649
94,val,0.9911943295349677,0.8712418300653595,0.056915122791900044,0.998046875,1.0,0.45,0.1287581699346405,0.7801649305555556,0.11645236066250268,16.831915855407715,,
95,train,0.9808449961477891,0.0,0.021926320099387473,1.0,1.0,0.9803850818934482,1.0,0.989559659090909,0.07071311767179206,0.06992039307951928,0.08044145797612146,14917.680884851845
95,val,0.9896813373521177,0.8271241830065359,0.056915122791900044,0.998046875,1.0,0.4891304347826087,0.17287581699346405,0.7905815972222222,0.10679467594384681,16.695744514465332,,
96,train,0.9821578725262292,0.0,0.022948273286092374,1.0,1.0,0.9750751950595097,1.0,0.987997159090909,0.06702342940510474,0.06844199448823929,0.08051075704861432,14904.84059509478
96,val,0.9877230949156608,0.8418300653594771,0.0523696682464455,0.998046875,1.0,0.4880952380952381,0.15816993464052287,0.7905815972222222,0.11569534823716024,16.936055660247803,,
97,train,0.9848785998955878,0.0,0.0115554266750439,1.0,1.0,0.9887498930701015,1.0,0.994247159090909,0.06906853352890134,0.04606213942170143,0.0803547219838947,14933.783234798733
97,val,0.991558558281718,0.8418300653594771,0.056915122791900044,0.998046875,1.0,0.4772727272727273,0.15816993464052287,0.787109375,0.10629642557492844,16.68143081665039,,
98,train,0.9842767749278044,0.0,0.019037518037518037,0.99921875,1.0,0.9805156595330334,1.0,0.990340909090909,0.06628670181439138,0.06758724972605705,0.08028514700708911,14946.724826872909
98,val,0.9932760765594948,0.8418300653594771,0.0523696682464455,0.998046875,1.0,0.4880952380952381,0.15816993464052287,0.7905815972222222,0.10473763153753651,17.21834373474121,,
99,train,0.9857802758501334,0.0,0.02293148730836376,1.0,1.0,0.9767896868485788,1.0,0.98828125,0.0627063600615894,0.07023448906838894,0.08043682796414942,14918.539559203384
99,val,0.9928835686037524,0.8271241830065359,0.056915122791900044,0.998046875,1.0,0.4891304347826087,0.17287581699346405,0.7905815972222222,0.11908814075828256,17.321960926055908,,
100,train,0.9845892529998144,0.0,0.025142097021410043,0.9988636363636363,1.0,0.9744906434280945,1.0,0.9871448863636363,0.06140926701150036,0.06388964280486106,0.08040718303527683,14924.039802184428
100,val,0.990600698782752,0.8418300653594771,0.04782421370099095,0.998046875,1.0,0.5,0.15816993464052287,0.7940538194444444,0.11172518193575301,17.531951904296875,,
101,train,0.9859685398003256,0.0,0.02363950978585937,0.99921875,1.0,0.9767115552592271,1.0,0.9880681818181818,0.05963273596794354,0.07030867226421833,0.08040031301788986,14925.315026236132
101,val,0.9917428202720152,0.8271241830065359,0.056915122791900044,0.998046875,1.0,0.4891304347826087,0.17287581699346405,0.7905815972222222,0.11826848640756137,17.356070041656494,,
102,train,0.9855723409955812,0.0,0.026547482368377888,1.0,1.0,0.9712911112874003,1.0,0.9860085227272727,0.06281563944338653,0.09266726076602935,0.08041727001545951,14922.16783496021
102,val,0.9910373061947111,0.8859477124183006,0.04782421370099095,0.998046875,1.0,0.45588235294117646,0.11405228758169934,0.7836371527777778,0.1061989417512544,17.54679298400879,,
103,train,0.9877240714913403,0.0,0.01705277528638293,0.99921875,1.0,0.9832619231560031,1.0,0.9914772727272727,0.06559925937854794,0.05276942551136017,0.08022106398129836,14958.66472526158
103,val,0.9934277361543435,0.8712418300653595,0.0523696682464455,0.998046875,1.0,0.4605263157894737,0.1287581699346405,0.7836371527777778,0.10420547973991955,17.383546352386475,,
104,train,0.9887238550380889,0.0,0.019958053603955243,0.99921875,1.0,0.9822040906334418,1.0,0.9904119318181819,0.06507867891819234,0.06364640146493912,0.08019409602275118,14963.695078744428
104,val,0.9947254893421713,0.8418300653594771,0.0523696682464455,0.998046875,1.0,0.4880952380952381,0.15816993464052287,0.7905815972222222,0.10135506676983072,17.607226371765137,,
105,train,0.9873873095959425,0.0,0.026547601051149984,0.99921875,1.0,0.9746694944355412,1.0,0.9868607954545455,0.06691092326403289,0.07094549387693405,0.08026666397927329,14950.166613500565
105,val,0.9947757476733791,0.8271241830065359,0.056915122791900044,0.998046875,1.0,0.4891304347826087,0.17287581699346405,0.7905815972222222,0.10778262602272075,17.540481090545654,,
106,train,0.9915164028717713,0.0,0.008452075049902485,1.0,1.0,0.9914334915978159,1.0,0.9957386363636364,0.06605520121067635,0.04666476622223854,0.08021430403459817,14959.92534551461
106,val,0.9952147043724027,0.8565359477124184,0.056915122791900044,0.998046875,1.0,0.4642857142857143,0.1434640522875817,0.7836371527777778,0.12119541649520926,17.929988384246826,,
107,train,0.9881333849350499,0.0,0.017093146023969108,1.0,1.0,0.9828345333629482,1.0,0.99140625,0.06383508441479555,0.04847080558538437,0.08032851701136678,14938.654971436801
107,val,0.9936720636259351,0.8418300653594771,0.056915122791900044,0.998046875,1.0,0.4772727272727273,0.15816993464052287,0.787109375,0.11063528867479755,17.832748413085938,,
108,train,0.9895642731148241,0.0,0.012455875569510645,0.99921875,1.0,0.9878700471841464,1.0,0.9938210227272727,0.06102020938812638,0.04412342607975006,0.08029222500044852,14945.407229570443
108,val,0.9952986227451928,0.8271241830065359,0.05928479103834554,0.998046875,1.0,0.4057971014492754,0.17287581699346405,0.7886284722222222,0.11413554304215995,17.430626392364502,,
109,train,0.990805883764882,0.0,0.017123296229918778,1.0,1.0,0.9816995567421701,1.0,0.9910511363636363,0.06418747464538661,0.059281782060861585,0.08042957197176293,14919.88544240039
109,val,0.9921649698840661,0.8565359477124184,0.0523696682464455,0.998046875,1.0,0.475,0.1434640522875817,0.787109375,0.11062701590868858,17.895273685455322,,
110,train,0.9884496878747914,0.0,0.023324176701785812,1.0,1.0,0.9776116788308535,1.0,0.9884232954545455,0.058941002836427635,0.06672424525022506,0.0802927830372937,14945.303358617353
110,val,0.9914709368927611,0.8859477124183006,0.04782421370099095,0.998046875,1.0,0.45588235294117646,0.11405228758169934,0.7836371527777778,0.11133896830624782,18.3107008934021,,
111,train,0.98718206952326,0.0,0.01692472625413802,1.0,1.0,0.9843686805927654,1.0,0.9918323863636364,0.06183516476234965,0.05229209288954735,0.08028042799560353,14947.60341917605
111,val,0.9908793282488154,0.8859477124183006,0.0432787591555364,0.998046875,1.0,0.46875,0.11405228758169934,0.787109375,0.11665698018263385,18.618631839752197,,
112,train,0.9869816901797259,0.0,0.02704327646631925,0.99921875,1.0,0.9737071172555044,1.0,0.986434659090909,0.06491641744824361,0.07224569842219353,0.08035114099038765,14934.448785780842
112,val,0.9929976577922288,0.8859477124183006,0.04110297285652736,0.998046875,1.0,0.4,0.11405228758169934,0.7886284722222222,0.11883778915944837,18.52579689025879,,
113,train,0.9882101351564581,0.0,0.009531034482758622,0.99921875,1.0,0.9911906933646064,1.0,0.9953835227272727,0.06354598670899607,0.0408549290150404,0.08023467601742595,14956.126946152
113,val,0.9942388473880581,0.8859477124183006,0.05019388194743645,0.998046875,1.0,0.37254901960784315,0.11405228758169934,0.7816840277777778,0.11649338940243159,18.070939540863037,,
114,train,0.9908639493991028,0.0,0.012853456929543886,1.0,1.0,0.9865327706446928,1.0,0.9933948863636364,0.061083151541673465,0.04406159743666649,0.0803517639869824,14934.332993540866
114,val,0.9936881850137271,0.8565359477124184,0.045648427401981904,0.998046875,1.0,0.41666666666666663,0.1434640522875817,0.7921006944444444,0.12062247252922995,18.404667854309082,,
115,train,0.988498478825204,0.0,0.016267146365689066,1.0,1.0,0.9855096603970652,1.0,0.9922585227272727,0.06180732318680147,0.05316482745110988,0.08041243598563597,14923.064887803615
115,val,0.9931578006233193,0.8565359477124184,0.054739336492891,0.998046875,1.0,0.39166666666666666,0.1434640522875817,0.78515625,0.11578577175831015,18.478388786315918,,
116,train,0.9886890205893326,0.0,0.012352350987410332,1.0,1.0,0.989114016987048,1.0,0.9941761363636363,0.062206030920615926,0.04427640400826931,0.08011562802130356,14978.351036340971
116,val,0.9945837604658057,0.8565359477124184,0.054739336492891,0.998046875,1.0,0.39166666666666666,0.1434640522875817,0.78515625,0.11125397977807847,18.61778163909912,,
117,train,0.989051152185791,0.0,0.004694109048578109,1.0,1.0,0.9952619545842051,1.0,0.99765625,0.06627700392627103,0.020450027659535408,0.08022692799568176,14957.571353904892
117,val,0.9965540285791374,0.8418300653594771,0.056915122791900044,0.998046875,1.0,0.4772727272727273,0.15816993464052287,0.787109375,0.11434103657395481,18.77995014190674,,
118,train,0.9920177660416811,0.0,0.016941090824808946,1.0,1.0,0.9802790610781692,1.0,0.9907670454545455,0.055510965085457255,0.05220768228173256,0.08035037200897932,14934.591713724705
118,val,0.9951534725906741,0.8712418300653595,0.038733304610081856,0.998046875,1.0,0.5,0.1287581699346405,0.7940538194444444,0.11436784127851045,19.070030212402344,,
119,train,0.9907777379647914,0.008130081300813007,0.020483302465414296,0.9984375,1.0,0.9806621302989772,0.991869918699187,0.9860795454545455,0.06050008463502564,0.1288982003927231,0.08028098900103942,14947.498964972434
119,val,0.9944337777819278,0.8565359477124184,0.054739336492891,0.998046875,1.0,0.39166666666666666,0.1434640522875817,0.78515625,0.11436789111920492,18.049968242645264,,
120,train,0.9906697367402639,0.0,0.026005971448311748,0.9980823863636363,1.0,0.9756905753490592,1.0,0.987215909090909,0.062352002747604975,0.056923388689756396,0.08025752799585462,14951.868441076098
120,val,0.9941639008724855,0.8712418300653595,0.04782421370099095,0.998046875,1.0,0.4722222222222222,0.1287581699346405,0.787109375,0.10581573209108633,18.850350856781006,,
121,train,0.9905781094746834,0.0,0.007199354317998385,1.0,1.0,0.9933172890108926,1.0,0.9965198863636363,0.052928537612239424,0.03327424190938473,0.19367129501188174,6196.065348385159
121,val,0.9955499350843537,0.8712418300653595,0.05019388194743645,0.998046875,1.0,0.38888888888888884,0.1287581699346405,0.78515625,0.10696200011146313,18.63794231414795,,
122,train,0.992642952577973,0.0,0.008548451468710088,1.0,1.0,0.9915569179442414,1.0,0.9957386363636364,0.058704505048173664,0.03901759684085846,0.08046891301637515,14912.591148780697
122,val,0.9946003936670927,0.8565359477124184,0.05019388194743645,0.998046875,1.0,0.40350877192982454,0.1434640522875817,0.7886284722222222,0.10299691064852107,17.62910223007202,,
123,train,0.9910152206578378,0.0,0.006879222231970522,1.0,1.0,0.992983004707391,1.0,0.9965198863636363,0.06073399694280619,0.03191433679312468,0.0805054139927961,14905.829812978543
123,val,0.9952963489340618,0.8565359477124184,0.054739336492891,0.998046875,1.0,0.39166666666666666,0.1434640522875817,0.78515625,0.12677547665035996,18.109007835388184,,
124,train,0.9914597100239586,0.0,0.012812181147476651,1.0,1.0,0.9879948545348818,1.0,0.99375,0.05781440026994098,0.030935812182724474,0.085811085999012,13984.207122303713
124,val,0.9946575931583841,0.8565359477124184,0.04782421370099095,0.998046875,1.0,0.48684210526315785,0.1434640522875817,0.7905815972222222,0.1133747423103374,18.698068141937256,,
125,train,0.9921065797182645,0.0,0.014754007376958195,1.0,1.0,0.9856941651449661,1.0,0.992684659090909,0.057294316922529585,0.036915050074458125,0.08054262696532533,14898.942897859739
125,val,0.994842628042938,0.915359477124183,0.038733304610081856,0.998046875,1.0,0.4423076923076923,0.084640522875817,0.7836371527777778,0.10574579140726793,19.469812393188477,,
126,train,0.9934690507509831,0.0,0.01119253120954466,1.0,1.0,0.9894415018627436,1.0,0.99453125,0.06986507116598593,0.047323952242732045,0.08042968099471182,14919.865218399897
126,val,0.994213176658377,0.8859477124183006,0.045648427401981904,0.998046875,1.0,0.38541666666666663,0.11405228758169934,0.78515625,0.11262636529727382,18.15351676940918,,
127,train,0.9919328470799055,0.0,0.01077410043709837,1.0,1.0,0.9890203617925696,1.0,0.99453125,0.05913132429736138,0.03462728932499885,0.08043546497356147,14918.792356013992
127,val,0.9959783862707101,0.8418300653594771,0.0523696682464455,0.998046875,1.0,0.4880952380952381,0.15816993464052287,0.7905815972222222,0.10906958879427896,18.29341459274292,,
128,train,0.9932773554782297,0.0,0.009986916182156417,1.0,1.0,0.9912512883941454,1.0,0.9953125,0.05146017902056763,0.03453527707606554,0.08055119699565694,14897.357764462522
128,val,0.9944692328184221,0.8565359477124184,0.04110297285652736,0.998046875,1.0,0.43137254901960786,0.1434640522875817,0.7955729166666667,0.1063901659745197,19.044180393218994,,
129,train,0.9927829924759202,0.0,0.00891542367818381,0.9988636363636363,1.0,0.9919451135993423,1.0,0.9957386363636364,0.05672457564478707,0.03190313540399074,0.08036356000229716,14932.140885317904
129,val,0.9954898034274164,0.8565359477124184,0.038733304610081856,0.998046875,1.0,0.5147058823529411,0.1434640522875817,0.7975260416666667,0.10743376887539241,18.816436290740967,,
130,train,0.9944868009749122,0.0,0.012963208689384925,1.0,1.0,0.9883651717501316,1.0,0.9938210227272727,0.05757635678920962,0.033353025652468206,0.0804097990039736,14923.554279008951
130,val,0.9938337340200734,0.8712418300653595,0.03418785006462731,0.998046875,1.0,0.5166666666666666,0.1287581699346405,0.7975260416666667,0.12361449158919549,19.398988246917725,,
131,train,0.9923665988216686,0.0,0.004683195592286501,1.0,1.0,0.9953548085901026,1.0,0.99765625,0.060939618168864354,0.028410691395401956,0.08056287898216397,14895.197579342606
131,val,0.9968873156467453,0.8418300653594771,0.054739336492891,0.998046875,1.0,0.40476190476190477,0.15816993464052287,0.7886284722222222,0.11289466880192064,18.52460813522339,,
132,train,0.9953106307466937,0.0,0.012207486000589449,1.0,1.0,0.9860161677403058,1.0,0.9933948863636364,0.05861575808726571,0.029623406752943993,0.08028664701851085,14946.445574235135
132,val,0.9970402733888477,0.8418300653594771,0.05019388194743645,0.998046875,1.0,0.41666666666666663,0.15816993464052287,0.7921006944444444,0.11294600473037583,18.664594173431396,,
133,train,0.9942015115595,0.0,0.007551985839141498,1.0,1.0,0.9920019088523025,1.0,0.99609375,0.055452912666927826,0.03366903010755777,0.08037373394472525,14930.250731231
133,val,0.9962497738500435,0.8565359477124184,0.045648427401981904,0.998046875,1.0,0.41666666666666663,0.1434640522875817,0.7921006944444444,0.12021978695084116,18.637704849243164,,
134,train,0.9944222609427843,0.0,0.004712492333807111,1.0,1.0,0.9953723209042866,1.0,0.99765625,0.05349502289633971,0.021537556871771814,0.08035966503666714,14932.864633674799
134,val,0.9954435708673878,0.8565359477124184,0.04110297285652736,0.998046875,1.0,0.43137254901960786,0.1434640522875817,0.7955729166666667,0.12265474729476904,19.034149169921875,,
135,train,0.993811925077303,0.0,0.006324404761904762,1.0,1.0,0.993938334207612,1.0,0.996875,0.05092871748542103,0.02084363643079996,0.08028079097857699,14947.535834820328
135,val,0.9976297835560722,0.8418300653594771,0.05019388194743645,0.998046875,1.0,0.41666666666666663,0.15816993464052287,0.7921006944444444,0.11665302961323386,18.731170177459717,,
136,train,0.9945131740659814,0.0,0.008911217740615813,1.0,1.0,0.9905045338820617,1.0,0.9953835227272727,0.05506004654391505,0.038122441805899146,0.08031190099427477,14941.745683314668
136,val,0.9979992241521056,0.8271241830065359,0.05019388194743645,0.998046875,1.0,0.4285714285714286,0.17287581699346405,0.7955729166666667,0.12307970200980314,18.80533266067505,,
137,train,0.9948779784523968,0.0,0.01528871118912985,0.9984375,1.0,0.9842448880488115,1.0,0.9921875,0.05716431253279386,0.05127210319042206,0.08028817496960983,14946.161130879067
137,val,0.9972305505976288,0.8418300653594771,0.05019388194743645,0.998046875,1.0,0.41666666666666663,0.15816993464052287,0.7921006944444444,0.11824849013488546,19.66443157196045,,
138,train,0.9949942599601027,0.0,0.009013074164063403,1.0,1.0,0.9905634842519685,1.0,0.9953125,0.05353722384842964,0.030734978057444094,0.08054509595967829,14898.48619214176
138,val,0.9973989930650633,0.8418300653594771,0.05019388194743645,0.998046875,1.0,0.41666666666666663,0.15816993464052287,0.7921006944444444,0.11894678776831236,19.061148643493652,,
139,train,0.9942106977147473,0.0,0.0047492767598842816,1.0,1.0,0.9954059309674284,1.0,0.99765625,0.05477131329865248,0.020660175010561943,0.08039264503167942,14926.73862798182
139,val,0.9963058315657286,0.8712418300653595,0.045648427401981904,0.998046875,1.0,0.4019607843137255,0.1287581699346405,0.7886284722222222,0.10352592774562569,19.747593879699707,,
140,train,0.9954424227206882,0.0,0.007670454545454545,1.0,1.0,0.992198667474258,1.0,0.99609375,0.05091115830827041,0.025013145990669727,0.08047770702978596,14910.961610224093
140,val,0.9961490021604631,0.8565359477124184,0.03655751831107281,0.998046875,1.0,0.44791666666666663,0.1434640522875817,0.7990451388888888,0.11103923408853543,19.58271312713623,,
141,train,0.9960673296824097,0.0,0.012799632032614552,1.0,1.0,0.987950760689692,1.0,0.99375,0.05474017302887117,0.0335006152279675,0.08044829999562353,14916.412156195734
141,val,0.995377657469362,0.9006535947712417,0.022921154674709177,0.998046875,1.0,0.4666666666666667,0.09934640522875818,0.7990451388888888,0.12664068205563309,20.049150466918945,,
142,train,0.9935620365410365,0.0,0.009478132754342432,1.0,1.0,0.9908801679586563,1.0,0.9953125,0.05288614280116159,0.034247086942195894,0.08031812700210139,14940.587446325833
142,val,0.9957265355882959,0.8565359477124184,0.04110297285652736,0.998046875,1.0,0.43137254901960786,0.1434640522875817,0.7955729166666667,0.11005491639690355,19.654401302337646,,
143,train,0.9941056982190771,0.0,0.009515733936310533,1.0,1.0,0.9912248335606,1.0,0.9953835227272727,0.052353256582183184,0.03780663292855024,0.08038630097871646,14927.916639897623
143,val,0.9967199126258492,0.8565359477124184,0.05019388194743645,0.998046875,1.0,0.40350877192982454,0.1434640522875817,0.7886284722222222,0.12579250824061353,19.80698585510254,,
144,train,0.9939773341302167,0.0,0.010027921244772498,1.0,1.0,0.9897239710124817,1.0,0.9949573863636363,0.052027109438963624,0.027518848329782485,0.080361663014628,14932.493367908122
144,val,0.9931842571305525,0.8859477124183006,0.03201206376561827,0.998046875,1.0,0.4358974358974359,0.11405228758169934,0.7955729166666667,0.11276875339389167,19.63903570175171,,
145,train,0.9921859690242194,0.0,0.004753667755781921,1.0,1.0,0.9954286365709073,1.0,0.99765625,0.05425567249515897,0.04372240249067545,0.08574319299077615,13995.280069976987
145,val,0.996486775473588,0.8565359477124184,0.05928479103834554,0.998046875,1.0,0.38095238095238093,0.1434640522875817,0.7816840277777778,0.12286047540702155,18.890230655670166,,
146,train,0.9949256347365338,0.004580152671755725,0.02169552255884177,1.0,1.0,0.9798839974921764,0.9954198473282443,0.9871448863636363,0.06022311833674793,0.07730021253228188,0.08049251098418608,14908.219228441729
146,val,0.9975841421659829,0.8418300653594771,0.0865575183110728,0.998046875,1.0,0.34523809523809523,0.15816993464052287,0.7643229166666667,0.13875236887914522,18.701289653778076,,
147,train,0.9952447272032838,0.0,0.015181850948886428,1.0,1.0,0.9855716605702488,1.0,0.9926136363636363,0.05860068523264159,0.040588395390659573,0.08075874898349866,14859.071185528079
147,val,0.99724020752021,0.8565359477124184,0.045648427401981904,0.998046875,1.0,0.41666666666666663,0.1434640522875817,0.7921006944444444,0.11160573772051748,19.527798175811768,,
148,train,0.9943257931027223,0.0,0.01586744999482327,1.0,1.0,0.9838475108959335,1.0,0.991903409090909,0.05946569452502726,0.04541663229465485,0.08068635402014479,14872.403327338332
148,val,0.9963666263114039,0.8565359477124184,0.045648427401981904,0.998046875,1.0,0.41666666666666663,0.1434640522875817,0.7921006944444444,0.11642333171706341,20.09833860397339,,
149,train,0.9944559661544521,0.0,0.004560749030795114,1.0,1.0,0.9951513412260701,1.0,0.99765625,0.05980587304818217,0.022958526853471994,0.08042862900765613,14920.060366635991
149,val,0.9972543235376684,0.8418300653594771,0.06383024558380009,0.998046875,1.0,0.38405797101449274,0.15816993464052287,0.7816840277777778,0.1097043064034129,19.7199969291687,,
150,train,0.9947719349441204,0.0,0.016544910746176804,0.99921875,1.0,0.984219327440262,1.0,0.9918323863636364,0.060833462878996956,0.056115053594112396,0.08051925397012383,14903.267738238765
150,val,0.9974046473184394,0.8565359477124184,0.05928479103834554,0.998046875,1.0,0.38095238095238093,0.1434640522875817,0.7816840277777778,0.12884583946732206,19.741311073303223,,
151,train,0.9949391304642301,0.0,0.010942345020834137,0.99921875,1.0,0.9877692134480327,1.0,0.9941761363636363,0.06111844546174827,0.032234507240355016,0.08052947698161006,14901.375806452033
151,val,0.997328345857871,0.8565359477124184,0.05019388194743645,0.998046875,1.0,0.40350877192982454,0.1434640522875817,0.7886284722222222,0.13080171609271804,20.203336715698242,,
152,train,0.9949715051249687,0.0,0.0036878719302656945,1.0,1.0,0.9960074626865671,1.0,0.9980823863636363,0.061878660287729724,0.020159962214529516,0.08045685198158026,14914.826648633074
152,val,0.9974446090895476,0.8565359477124184,0.05019388194743645,0.998046875,1.0,0.40350877192982454,0.1434640522875817,0.7886284722222222,0.12850758278907223,20.241384983062744,,
153,train,0.9945107522039589,0.0,0.006505334374186833,1.0,1.0,0.9940937203989524,1.0,0.996875,0.05578035521902193,0.026336354669183493,0.0803405080223456,14936.425341824284
153,val,0.997769562411122,0.8418300653594771,0.05928479103834554,0.998046875,1.0,0.3939393939393939,0.15816993464052287,0.78515625,0.09960136847761711,19.934509754180908,,
154,train,0.9959334110036832,0.0,0.004767441860465116,1.0,1.0,0.9954393707916029,1.0,0.99765625,0.06264529036345992,0.01743142828345299,0.08088955300627276,14835.043035865747
154,val,0.9973607228344513,0.8565359477124184,0.04110297285652736,0.998046875,1.0,0.43137254901960786,0.1434640522875817,0.7955729166666667,0.13005516172490966,20.971445560455322,,
155,train,0.9954960051712327,0.0,0.011955459220536358,1.0,1.0,0.9874944191078789,1.0,0.9938210227272727,0.052689272124680796,0.02770059984177351,0.19790404400555417,6063.5446134002295
155,val,0.9975264755646802,0.8565359477124184,0.054739336492891,0.998046875,1.0,0.39166666666666666,0.1434640522875817,0.78515625,0.13066404339680607,19.989168643951416,,
156,train,0.9949434914837845,0.0,0.004731934731934732,1.0,1.0,0.99534706331045,1.0,0.99765625,0.05760339570581465,0.019700545631349087,0.08072291302960366,14865.667689171745
156,val,0.9974986871885549,0.8565359477124184,0.04110297285652736,0.998046875,1.0,0.43137254901960786,0.1434640522875817,0.7955729166666667,0.1382534768063353,20.707500457763672,,
157,train,0.9945796005300839,0.0,0.011023059961800256,1.0,1.0,0.9908028903414546,1.0,0.9949573863636363,0.05101732496923923,0.02377142645418644,0.08076402399456128,14858.100682066175
157,val,0.9968661056805609,0.8712418300653595,0.03201206376561827,0.998046875,1.0,0.45238095238095233,0.1287581699346405,0.7990451388888888,0.12189323054836422,21.250729084014893,,
158,train,0.994866675324738,0.0,0.010905908538963635,0.99921875,1.0,0.9894306705171715,1.0,0.9946022727272726,0.055197700336302336,0.029886108823120594,0.08094991202233359,14823.981521671416
158,val,0.9973635733800216,0.8565359477124184,0.05019388194743645,0.998046875,1.0,0.40350877192982454,0.1434640522875817,0.7886284722222222,0.12908859726744062,20.934484004974365,,
159,train,0.9941425506999207,0.0,0.011847379239465572,1.0,1.0,0.9869112879457707,1.0,0.99375,0.052305801510753466,0.03654241263866424,0.08072632097173482,14865.04012018785
159,val,0.9965139621247847,0.8418300653594771,0.05710900473933649,0.998046875,1.0,0.3630952380952381,0.15816993464052287,0.7866753472222222,0.12720503893865637,20.50638246536255,,
160,train,0.9943218151361428,0.0,0.012764788684038863,1.0,1.0,0.9894277138469516,1.0,0.9941761363636363,0.05111319103369244,0.0318271704018116,0.08093884895788506,14826.00772620817
160,val,0.9956836937279958,0.9006535947712417,0.03201206376561827,0.998046875,1.0,0.41666666666666663,0.09934640522875818,0.7921006944444444,0.13086972957301934,20.85949420928955,,
161,train,0.9934952518521722,0.0,0.004347826086956522,1.0,1.0,0.9949859943977591,1.0,0.99765625,0.05024831366013183,0.019243154488503934,0.08023876103106886,14955.36551885882
161,val,0.9967550028814003,0.8565359477124184,0.04110297285652736,0.998046875,1.0,0.43137254901960786,0.1434640522875817,0.7955729166666667,0.13190239994477138,19.82551908493042,,
162,train,0.9958619068884713,0.0,0.011000390951239374,1.0,1.0,0.9877754222080618,1.0,0.9941761363636363,0.05241558636374135,0.03175725899636746,0.08092657499946654,14828.256354700668
162,val,0.9984229383084716,0.8418300653594771,0.05019388194743645,0.998046875,1.0,0.41666666666666663,0.15816993464052287,0.7921006944444444,0.1318785150692298,20.952582359313965,,
163,train,0.9961788174484603,0.0,0.0070022996911694,1.0,1.0,0.9931088318627725,1.0,0.9965198863636363,0.055921092133536895,0.024479450192302465,0.0806892029941082,14871.878212598309
163,val,0.9981754092603095,0.8565359477124184,0.054739336492891,0.998046875,1.0,0.39166666666666666,0.1434640522875817,0.78515625,0.11694172396663487,20.87468910217285,,
164,train,0.99573436668566,0.0,0.00395575553055868,1.0,1.0,0.9963110008271299,1.0,0.9980823863636363,0.048784438713226325,0.015039556939154864,0.08132932003354654,14754.826420595016
164,val,0.9976694455318567,0.8859477124183006,0.04110297285652736,0.998046875,1.0,0.4,0.11405228758169934,0.7886284722222222,0.1186689718834171,21.2610125541687,,
165,train,0.9956276815342294,0.0,0.011771057862660916,1.0,1.0,0.9884672914099714,1.0,0.9941761363636363,0.04816529642702365,0.022417523339390753,0.08229346701409668,14581.959462158069
165,val,0.9965685345361837,0.915359477124183,0.04110297285652736,0.998046875,1.0,0.358974358974359,0.084640522875817,0.7816840277777778,0.11845273974414114,21.430370330810547,,
166,train,0.9940210531211712,0.0,0.006597882161281564,1.0,1.0,0.9941296634770456,1.0,0.996875,0.050830725984278,0.02331442413851619,0.08111174899386242,14794.404200195484
166,val,0.9971218850825809,0.8712418300653595,0.04110297285652736,0.998046875,1.0,0.41666666666666663,0.1287581699346405,0.7921006944444444,0.1120447331503058,20.987732887268066,,
167,train,0.9965408374386078,0.0,0.0039795114263199375,1.0,1.0,0.9962480795665885,1.0,0.9980823863636363,0.046216728854212574,0.0161761905066669,0.08709713199641556,13777.721177425055
167,val,0.9980077735381201,0.8565359477124184,0.045648427401981904,0.998046875,1.0,0.41666666666666663,0.1434640522875817,0.7921006944444444,0.12667791450189597,20.876156330108643,,
168,train,0.9964275529354133,0.0,0.007733855441098461,1.0,1.0,0.9921591203409384,1.0,0.99609375,0.04630776680034778,0.01867471747100353,0.08078803698299453,14853.684342554256
168,val,0.9975067746903126,0.8712418300653595,0.03201206376561827,0.998046875,1.0,0.45238095238095233,0.1287581699346405,0.7990451388888888,0.11966710143550313,21.46533203125,,
169,train,0.9958050157155164,0.0,0.009110798128202447,1.0,1.0,0.9904684392272298,1.0,0.9953125,0.05337153122077846,0.03563308697193861,0.08078955498058349,14853.405248839425
169,val,0.9966022311839171,0.8712418300653595,0.027466609220163724,0.998046875,1.0,0.47435897435897434,0.1287581699346405,0.8025173611111112,0.115230374579879,21.27797031402588,,
170,train,0.9962105720134622,0.0,0.006226150508164897,1.0,1.0,0.9937708483915184,1.0,0.996875,0.05016528803414311,0.020393096003681423,0.08066216902807355,14876.86252997181
170,val,0.9964729617091103,0.8859477124183006,0.027466609220163724,0.998046875,1.0,0.45833333333333337,0.11405228758169934,0.7990451388888888,0.11713992143055871,22.148680686950684,,
171,train,0.995184777228331,0.0017094017094017096,0.004601348920863309,1.0,1.0,0.9952250591785475,0.9982905982905983,0.996875,0.054695957068249104,0.02950320243835449,0.08083836903097108,14844.436056598963
171,val,0.996896150884115,0.9006535947712417,0.03201206376561827,0.998046875,1.0,0.41666666666666663,0.09934640522875818,0.7921006944444444,0.1135920401063976,22.392170906066895,,
172,train,0.9964086031625893,0.0,0.009595553497992524,1.0,1.0,0.9908096082886779,1.0,0.9953125,0.05279771824853049,0.02271201852709055,0.0807267630007118,14864.958724895474
172,val,0.9978556125554152,0.915359477124183,0.027466609220163724,0.998046875,1.0,0.41666666666666663,0.084640522875817,0.7921006944444444,0.12382293839029178,22.941530227661133,,
173,train,0.9972523146689956,0.0,0.0052016840799580175,1.0,1.0,0.9943895087854303,1.0,0.9973011363636364,0.054603167167891396,0.02453079861588776,0.08060607698280364,14887.215020475514
173,val,0.9982871195275543,0.8565359477124184,0.054739336492891,0.998046875,1.0,0.39166666666666666,0.1434640522875817,0.78515625,0.11969800727649399,21.3316068649292,,
174,train,0.9965921333609995,0.0,0.015244284160853699,1.0,1.0,0.9843395795037816,1.0,0.9921875,0.06097926204001515,0.04821309149265289,0.08017353096511215,14967.53336861495
174,val,0.9979610330451073,0.8565359477124184,0.025096940973718226,0.998046875,1.0,0.5714285714285714,0.1434640522875817,0.8079427083333333,0.11688386442498473,22.209359169006348,,
175,train,0.996722637087276,0.0,0.011245623733185921,1.0,1.0,0.989691220108139,1.0,0.9946022727272726,0.05278310898935953,0.03539992906153202,0.08039421396097168,14926.447325955001
175,val,0.9971727858194046,0.9006535947712417,0.027466609220163724,0.998046875,1.0,0.43939393939393934,0.09934640522875818,0.7955729166666667,0.09993191647164704,22.42123508453369,,
176,train,0.9927718073129654,0.006349206349206349,0.019796581037790393,1.0,1.0,0.9797633944396098,0.9936507936507937,0.9867897727272726,0.07176236603323169,0.1262755051255226,0.08041478000814095,14922.629893142972
176,val,0.9956014563277777,0.8712418300653595,0.04110297285652736,0.998046875,1.0,0.41666666666666663,0.1287581699346405,0.7921006944444444,0.09371617817101807,21.932350158691406,,
177,train,0.9930407158607109,0.0,0.007032019042027382,1.0,1.0,0.9944162765777452,1.0,0.996875,0.060578196137941395,0.02049070317298174,0.08009199099615216,14982.771499058517
177,val,0.9967197753204446,0.8565359477124184,0.04110297285652736,0.998046875,1.0,0.43137254901960786,0.1434640522875817,0.7955729166666667,0.12871769791903562,21.817503452301025,,
178,train,0.9962000050158663,0.0,0.011525357434608372,1.0,1.0,0.9883442769444339,1.0,0.9941761363636363,0.0541960984941274,0.02908490737900138,0.08005131798563525,14990.3840460857
178,val,0.9966733873718314,0.8565359477124184,0.04110297285652736,0.998046875,1.0,0.43137254901960786,0.1434640522875817,0.7955729166666667,0.11256041318671797,21.522873401641846,,
179,train,0.9954054982570761,0.0,0.007475423142286689,1.0,1.0,0.9935167984163431,1.0,0.9965198863636363,0.052416034283100724,0.02509124455973506,0.080125042994041,14976.591027717084
179,val,0.9969888101978641,0.8859477124183006,0.04110297285652736,0.998046875,1.0,0.4,0.11405228758169934,0.7886284722222222,0.11244896297006236,22.00852680206299,,
180,train,0.9938803946006705,0.0,0.010412631044251733,1.0,1.0,0.9886348296749299,1.0,0.99453125,0.047209442269331284,0.026336536929011344,0.08019144099671394,14964.190505682187
180,val,0.9971002287929878,0.9006535947712417,0.03201206376561827,0.998046875,1.0,0.41666666666666663,0.09934640522875818,0.7921006944444444,0.10868509356336484,22.145227432250977,,
181,train,0.9946708826221187,0.0,0.008782162036856308,1.0,1.0,0.9916893423147803,1.0,0.9957386363636364,0.049512067207624785,0.026763758342713117,0.08004379703197628,14991.792549778944
181,val,0.9975177518531887,0.8712418300653595,0.05019388194743645,0.998046875,1.0,0.38888888888888884,0.1287581699346405,0.78515625,0.0986917707360305,21.42345952987671,,
182,train,0.9954082979439672,0.0,0.00532176848968187,1.0,1.0,0.9945394490254872,1.0,0.9973011363636364,0.05177369967541161,0.017385226115584372,0.08023731701541692,14955.634667712407
182,val,0.9974618471201716,0.8712418300653595,0.03655751831107281,0.998046875,1.0,0.43333333333333335,0.1287581699346405,0.7955729166666667,0.11528024080337634,22.102754592895508,,
183,train,0.9954311472321438,0.0,0.014333291334786849,1.0,1.0,0.9879143320049181,1.0,0.9933948863636364,0.04811620697192929,0.030890897288918494,0.08016949298325926,14968.287254237472
183,val,0.9956478190013311,0.8712418300653595,0.03201206376561827,0.998046875,1.0,0.45238095238095233,0.1287581699346405,0.7990451388888888,0.10920057630354782,21.88953971862793,,
184,train,0.9924416249067608,0.0,0.011485470085470085,1.0,1.0,0.9897105030973273,1.0,0.99453125,0.04753714774494534,0.03881931379437446,0.08022740995511413,14957.481497550272
184,val,0.9943140120918138,0.8712418300653595,0.03201206376561827,0.998046875,1.0,0.45238095238095233,0.1287581699346405,0.7990451388888888,0.13514459100737564,21.862258911132812,,
185,train,0.9939173386474562,0.0,0.0057936507936507935,1.0,1.0,0.9949614233978901,1.0,0.9973011363636364,0.046467879847550256,0.022447663452476264,0.08021997101604939,14958.868531128232
185,val,0.9981921646071391,0.8712418300653595,0.045648427401981904,0.998046875,1.0,0.4019607843137255,0.1287581699346405,0.7886284722222222,0.1271397894178896,22.020172119140625,,
186,train,0.9958779176104475,0.0,0.009930896840385891,1.0,1.0,0.9898647019181983,1.0,0.9949573863636363,0.05101765487841965,0.026782401092350482,0.08015636401250958,14970.738939864117
186,val,0.9983451784743618,0.8712418300653595,0.03655751831107281,0.998046875,1.0,0.43333333333333335,0.1287581699346405,0.7955729166666667,0.11799329813791305,22.002619743347168,,
187,train,0.9970464281780137,0.0,0.005276300760171728,1.0,1.0,0.9945175269121893,1.0,0.9973011363636364,0.042529672536010366,0.014607492228969931,0.08034203900024295,14936.140717020779
187,val,0.9980730266543105,0.9006535947712417,0.03655751831107281,0.998046875,1.0,0.39743589743589747,0.09934640522875818,0.7886284722222222,0.13220059977482812,22.64649486541748,,
188,train,0.9962572226512499,0.0,0.008236234541778343,1.0,1.0,0.9912924620248651,1.0,0.9957386363636364,0.045653824333478844,0.03732749307528138,0.08021391404327005,14959.998079044992
188,val,0.9976950040630375,0.8712418300653595,0.03201206376561827,0.998046875,1.0,0.45238095238095233,0.1287581699346405,0.7990451388888888,0.11455430651195969,22.674141883850098,,
189,train,0.9939912204503674,0.0,0.013362871976300688,1.0,1.0,0.9870434327577184,1.0,0.9933948863636364,0.04106043583796245,0.03893582560122013,0.08020467299502343,14961.721744996805
189,val,0.9965810179839738,0.8712418300653595,0.027466609220163724,0.998046875,1.0,0.47435897435897434,0.1287581699346405,0.8025173611111112,0.11735744024078125,22.656960487365723,,
190,train,0.9937218104785478,0.0,0.006122912337412453,1.0,1.0,0.9936103886418511,1.0,0.996875,0.043206604316959926,0.022586905770003794,0.08019341801991686,14963.821590719173
190,val,0.996526795711058,0.8565359477124184,0.03655751831107281,0.998046875,1.0,0.44791666666666663,0.1434640522875817,0.7990451388888888,0.11318019595871827,21.23421859741211,,
191,train,0.9932279563932257,0.0,0.006732038552046587,1.0,1.0,0.9928871170173496,1.0,0.9965198863636363,0.04223655072968532,0.021750385127961635,0.08015537000028417,14970.9245930216
191,val,0.9973664636490867,0.8712418300653595,0.03655751831107281,0.998046875,1.0,0.43333333333333335,0.1287581699346405,0.7955729166666667,0.12466283871608153,22.683791160583496,,
192,train,0.9965085257606751,0.0,0.006550154191197084,1.0,1.0,0.9940815041732627,1.0,0.996875,0.045909888376853766,0.0167309925891459,0.08009435300482437,14982.32965222554
192,val,0.9981030674599525,0.8418300653594771,0.04782421370099095,0.998046875,1.0,0.5,0.15816993464052287,0.7940538194444444,0.13518272644583396,22.481287956237793,,
193,train,0.9963900937317784,0.0,0.007888899044899724,1.0,1.0,0.9922948354434089,1.0,0.99609375,0.04417236528950337,0.02241095802746713,0.08008638600585982,14983.820095367988
193,val,0.9978669694392011,0.8712418300653595,0.04110297285652736,0.998046875,1.0,0.41666666666666663,0.1287581699346405,0.7921006944444444,0.1410344839711879,22.546157836914062,,
194,train,0.9964050725525754,0.0,0.00924458672357832,1.0,1.0,0.9904713378483869,1.0,0.9953125,0.04681360883609678,0.03253542743623257,0.08029844699194655,14944.249172345173
194,val,0.9975518348833753,0.9006535947712417,0.025096940973718226,0.998046875,1.0,0.5227272727272727,0.09934640522875818,0.7975260416666667,0.14191330570539407,23.335391998291016,,
195,train,0.9960007055069913,0.0,0.006780808857854837,1.0,1.0,0.9929120035756908,1.0,0.9965198863636363,0.04375040714211827,0.02100095394998789,0.08015880902530625,14970.282300740748
195,val,0.9979248418110527,0.8712418300653595,0.03201206376561827,0.998046875,1.0,0.45238095238095233,0.1287581699346405,0.7990451388888888,0.1452721244796844,22.785752296447754,,
196,train,0.9961439291396263,0.0,0.008032555227749113,1.0,1.0,0.9924445118128912,1.0,0.99609375,0.043420413131648475,0.026731999311596154,0.08192052697995678,14648.34326924679
196,val,0.9975746294302452,0.8712418300653595,0.027466609220163724,0.998046875,1.0,0.47435897435897434,0.1287581699346405,0.8025173611111112,0.12853601493909617,22.798255920410156,,
197,train,0.9955487823706459,0.0,0.011504580690627203,1.0,1.0,0.9884003211987762,1.0,0.9941761363636363,0.05067033208853976,0.027911748643964528,0.08007529203314334,14985.896017754358
197,val,0.9970718085533008,0.8712418300653595,0.027466609220163724,0.998046875,1.0,0.47435897435897434,0.1287581699346405,0.8025173611111112,0.1322521573430512,22.65916919708252,,
198,train,0.9951187366662039,0.0,0.0031644777986241405,1.0,1.0,0.9969326595369609,1.0,0.9984375,0.04654853672622552,0.012325639463961124,0.08011402998818085,14978.64980924109
198,val,0.9975239935253437,0.8712418300653595,0.03201206376561827,0.998046875,1.0,0.45238095238095233,0.1287581699346405,0.7990451388888888,0.1444827360386248,22.957541465759277,,
199,train,0.9962389922616157,0.0,0.006866781411359724,1.0,1.0,0.9929673584019059,1.0,0.9965198863636363,0.04320603471640893,0.016389228869229555,0.0802275959867984,14957.446814154348
199,val,0.9981308398742436,0.8712418300653595,0.03655751831107281,0.998046875,1.0,0.43333333333333335,0.1287581699346405,0.7955729166666667,0.1255886039174658,23.166478157043457,,
